client_id,onboard_date,city,segment,risk_profile,aum_inr,products_held,tenure_months,sip_active,relationship_manager,churned
CUST0001,2019-09-05,Chennai,Mass,Aggressive,197413.0,4,77,0,RM22,0
CUST0002,2020-10-29,Bengaluru,Affluent,Conservative,5157805.0,6,63,0,RM20,0
CUST0003,2014-11-30,Ahmedabad,Mass,Conservative,,2,135,1,RM11,1
CUST0004,2023-10-14,Ahmedabad,Affluent,,6556382.0,1,27,1,RM07,0
CUST0005,2019-03-09,Pune,Mass,Conservative,671675.0,5,83,1,RM17,0
CUST0006,2016-09-20,Ahmedabad,Affluent,Conservative,6394682.0,5,113,1,RM14,0
CUST0007,2020-09-29,Hyderabad,Mass,Moderate,1041775.0,2,64,0,RM06,0
CUST0008,2023-01-17,Delhi,Mass,Conservative,298714.0,6,36,1,RM02,0
CUST0009,2024-06-10,Pune,Ultra-HNI,Aggressive,106988853.0,4,19,1,RM21,1
CUST0010,2018-08-11,Mumbai,Mass,Conservative,533237.0,5,90,0,RM22,0
CUST0011,2018-07-12,Chennai,Mass,Moderate,886475.0,3,91,1,RM23,0
CUST0012,2017-04-18,Kolkata,Mass,,1170059.0,3,106,1,RM10,0
CUST0013,2016-01-24,Delhi,Mass,Moderate,1174487.0,3,121,1,RM18,0
CUST0014,2014-04-04,Hyderabad,Affluent,Moderate,5290241.0,5,143,1,RM15,0
CUST0015,2023-10-14,Kolkata,Ultra-HNI,Moderate,73185076.0,5,27,0,RM07,0
CUST0016,2020-10-29,Kolkata,HNI,Conservative,32634876.0,6,63,0,RM24,0
CUST0017,2022-02-21,Hyderabad,Affluent,Conservative,2158002.0,2,47,0,RM09,0
CUST0018,2015-08-27,Bengaluru,Affluent,Moderate,2919643.0,5,126,0,RM01,0
CUST0019,2024-08-09,Delhi,Mass,Moderate,571917.0,5,17,1,RM05,0
CUST0020,2018-02-12,Delhi,HNI,Moderate,9600288.0,1,96,1,RM25,0
CUST0021,2022-03-23,Pune,Affluent,Conservative,4243488.0,5,46,0,RM02,0
CUST0022,2025-11-02,Bengaluru,Mass,Aggressive,557294.0,1,2,1,RM14,0
CUST0023,2018-11-09,Pune,HNI,Conservative,20962569.0,1,87,1,RM13,0
CUST0024,2021-04-27,Mumbai,Mass,Aggressive,646323.0,1,57,0,RM20,1
CUST0025,2017-10-15,Bengaluru,Mass,Conservative,1200780.0,4,100,1,RM21,0
CUST0026,2021-04-27,Chennai,Affluent,Aggressive,6752970.0,1,57,0,RM12,0
CUST0027,2023-09-14,Kolkata,Mass,Moderate,641313.0,4,28,1,RM16,0
CUST0028,2024-07-10,Mumbai,Mass,Moderate,555179.0,5,18,1,RM21,0
CUST0029,2023-10-14,Chennai,Mass,Conservative,649646.0,4,27,0,RM21,0
CUST0030,2020-10-29,Chennai,Affluent,Aggressive,4847224.0,2,63,1,RM23,0
CUST0031,2022-10-19,Bengaluru,Mass,Conservative,2664845.0,3,39,1,RM18,0
CUST0032,2024-08-09,Kolkata,Mass,Moderate,299150.0,5,17,1,RM10,0
CUST0033,2022-03-23,Ahmedabad,Mass,Conservative,400668.0,3,46,1,RM14,0
CUST0034,2016-01-24,Mumbai,Mass,Moderate,369620.0,4,121,1,RM19,0
CUST0035,2016-01-24,Ahmedabad,Mass,Moderate,773313.0,5,121,1,RM08,0
CUST0036,2021-08-25,Ahmedabad,Mass,Moderate,756654.0,4,53,1,RM25,0
CUST0037,2019-10-05,Kolkata,Mass,Moderate,486577.0,3,76,0,RM12,0
CUST0038,2023-10-14,Mumbai,Mass,Moderate,1091655.0,1,27,0,RM19,0
CUST0039,2021-01-27,Chennai,Mass,Moderate,817210.0,5,60,1,RM13,1
CUST0040,2018-11-09,Pune,Mass,Conservative,1117155.0,2,87,1,RM24,0
CUST0041,2025-10-03,Delhi,HNI,Moderate,38734463.0,3,3,1,RM17,0
CUST0042,2015-10-26,Delhi,Mass,Moderate,206543.0,1,124,1,RM19,0
CUST0043,2015-03-30,Hyderabad,Mass,Conservative,972310.0,5,131,1,RM20,0
CUST0044,2014-11-30,Kolkata,Mass,Moderate,328013.0,6,135,0,RM09,1
CUST0045,2023-06-16,Delhi,Affluent,Conservative,5651985.0,6,31,1,RM09,0
CUST0046,2015-05-29,Mumbai,Mass,Aggressive,,2,129,1,RM21,0
CUST0047,2024-08-09,Ahmedabad,Affluent,Moderate,4846284.0,1,17,1,RM12,0
CUST0048,2015-06-28,Chennai,Affluent,Moderate,2540315.0,1,128,1,RM17,0
CUST0049,2024-05-11,Mumbai,Mass,Aggressive,1175387.0,3,20,0,RM13,0
CUST0050,2021-10-24,Ahmedabad,Mass,Moderate,327934.0,1,51,1,RM01,0
CUST0051,2014-10-01,Bengaluru,HNI,Conservative,30193398.0,2,137,0,RM12,1
CUST0052,2020-01-03,Mumbai,Mass,Conservative,303398.0,4,73,1,RM05,0
CUST0053,2023-05-17,Pune,Affluent,Moderate,4879335.0,1,32,1,RM03,0
CUST0054,2021-07-26,Kolkata,Affluent,Conservative,13293099.0,4,54,0,RM07,0
CUST0055,2022-01-22,Delhi,Mass,Conservative,2444221.0,6,48,0,RM08,0
CUST0056,2015-01-29,Pune,Affluent,Moderate,2022905.0,6,133,0,RM19,0
CUST0057,2021-01-27,Chennai,Mass,Conservative,452636.0,6,60,1,RM07,0
CUST0058,2024-11-07,Bengaluru,Mass,Conservative,,2,14,0,RM20,1
CUST0059,2024-01-12,Pune,Affluent,Conservative,17032262.0,4,24,1,RM06,0
CUST0060,2019-06-07,Mumbai,HNI,Conservative,19244978.0,1,80,1,RM21,0
CUST0061,2025-11-02,Delhi,Mass,,1204296.0,2,2,0,RM14,0
CUST0062,2023-01-17,Kolkata,Affluent,Conservative,5810512.0,5,36,1,RM02,0
CUST0063,2018-11-09,Ahmedabad,Mass,Conservative,344819.0,2,87,1,RM03,1
CUST0064,2015-11-25,Ahmedabad,Affluent,Aggressive,1771698.0,2,123,1,RM02,0
CUST0065,2024-11-07,Kolkata,Mass,Moderate,475984.0,3,14,0,RM11,0
CUST0066,2021-12-23,Delhi,Mass,Aggressive,2384788.0,2,49,1,RM08,1
CUST0067,2021-04-27,Bengaluru,HNI,Aggressive,23023539.0,5,57,1,RM02,0
CUST0068,2015-09-26,Kolkata,Affluent,Moderate,8799857.0,6,125,1,RM18,0
CUST0069,2016-08-21,Pune,Mass,Moderate,305684.0,4,114,0,RM22,0
CUST0070,2014-12-30,Kolkata,Ultra-HNI,Conservative,55476403.0,4,134,1,RM22,0
CUST0071,2018-08-11,Chennai,Mass,Moderate,1023465.0,5,90,1,RM04,0
CUST0072,2023-12-13,Hyderabad,Affluent,Moderate,2703881.0,3,25,1,RM22,1
CUST0073,2014-10-31,Pune,Affluent,Moderate,4757145.0,3,136,1,RM11,0
CUST0074,2017-01-18,Kolkata,HNI,Conservative,12316729.0,6,109,0,RM06,0
CUST0075,2018-02-12,Pune,Mass,Aggressive,1050608.0,3,96,1,RM04,0
CUST0076,2021-10-24,Mumbai,Affluent,Moderate,6135024.0,2,51,0,RM20,0
CUST0077,2016-07-22,Delhi,Affluent,Moderate,7175639.0,1,115,1,RM07,0
CUST0078,2021-02-26,Chennai,Mass,Aggressive,1076722.0,1,59,1,RM17,0
CUST0079,2022-02-21,Pune,HNI,Aggressive,17630118.0,5,47,1,RM14,0
CUST0080,2022-09-19,Ahmedabad,Mass,Conservative,1157899.0,2,40,1,RM24,1
CUST0081,2018-02-12,Bengaluru,Mass,Moderate,482108.0,5,96,1,RM18,0
CUST0082,2018-09-10,Kolkata,Affluent,Moderate,6951628.0,1,89,0,RM20,0
CUST0083,2023-04-17,Pune,Mass,Moderate,225554.0,5,33,1,RM13,0
CUST0084,2021-11-23,Bengaluru,HNI,Moderate,13254457.0,3,50,1,RM14,1
CUST0085,2023-04-17,Delhi,Mass,Moderate,2383385.0,5,33,1,RM04,0
CUST0086,2017-03-19,Hyderabad,Mass,Aggressive,933208.0,5,107,0,RM20,0
CUST0087,2021-11-23,Bengaluru,Affluent,Conservative,6896890.0,4,50,0,RM19,0
CUST0088,2016-09-20,Delhi,HNI,Conservative,12701080.0,6,113,1,RM08,0
CUST0089,2023-03-18,Delhi,Affluent,Moderate,2699358.0,6,34,0,RM04,0
CUST0090,2021-04-27,Delhi,Mass,Moderate,576622.0,5,57,0,RM20,1
CUST0091,2025-09-03,Mumbai,Mass,Aggressive,642691.0,3,4,0,RM20,0
CUST0092,2025-12-02,Delhi,Affluent,Moderate,14122747.0,6,1,1,RM20,0
CUST0093,2025-08-04,Ahmedabad,HNI,Moderate,34996445.0,6,5,1,RM01,0
CUST0094,2025-03-07,Delhi,Affluent,Moderate,5231720.0,3,10,0,RM22,0
CUST0095,2014-12-30,Chennai,Affluent,Aggressive,5108837.0,2,134,1,RM09,0
CUST0096,2022-09-19,Chennai,Mass,Conservative,1011877.0,2,40,0,RM07,0
CUST0097,2019-09-05,Pune,Mass,Conservative,322869.0,6,77,0,RM14,0
CUST0098,2014-09-01,Bengaluru,Mass,Moderate,231793.0,1,138,1,RM22,0
CUST0099,2020-03-03,Kolkata,Mass,Conservative,1003700.0,1,71,1,RM21,1
CUST0100,2021-04-27,Kolkata,Mass,Aggressive,693806.0,4,57,0,RM05,1
CUST0101,2017-05-18,Hyderabad,Affluent,Conservative,2394479.0,6,105,1,RM25,0
CUST0102,2017-02-17,Ahmedabad,Mass,Moderate,210693.0,2,108,0,RM20,0
CUST0103,2024-10-08,Bengaluru,Mass,Aggressive,1090304.0,4,15,0,RM24,0
CUST0104,2014-11-30,Chennai,HNI,Conservative,14998864.0,1,135,1,RM24,0
CUST0105,2024-07-10,Hyderabad,Mass,Conservative,831082.0,5,18,0,RM14,0
CUST0106,2021-11-23,Delhi,Affluent,Conservative,4262099.0,6,50,1,RM01,0
CUST0107,2014-09-01,Mumbai,Affluent,Aggressive,4835567.0,4,138,1,RM02,0
CUST0108,2019-05-08,Ahmedabad,HNI,Aggressive,14426862.0,1,81,0,RM16,0
CUST0109,2019-04-08,Mumbai,HNI,Moderate,19158554.0,1,82,1,RM03,0
CUST0110,2015-11-25,Mumbai,Affluent,Moderate,6768098.0,5,123,1,RM17,0
CUST0111,2020-08-30,Mumbai,Mass,Moderate,573028.0,1,65,1,RM03,0
CUST0112,2018-09-10,Hyderabad,Affluent,Conservative,4103240.0,1,89,1,RM21,1
CUST0113,2019-07-07,Bengaluru,HNI,Conservative,27909738.0,6,79,1,RM07,0
CUST0114,2024-08-09,Delhi,Mass,Aggressive,966213.0,4,17,0,RM03,0
CUST0115,2022-05-22,Kolkata,Affluent,Conservative,2635862.0,4,44,1,RM09,0
CUST0116,2016-11-19,Ahmedabad,Mass,Moderate,656344.0,5,111,1,RM23,1
CUST0117,2022-01-22,Ahmedabad,Affluent,Conservative,3694186.0,3,48,0,RM14,1
CUST0118,2015-03-30,Bengaluru,Mass,Moderate,671914.0,2,131,0,RM25,0
CUST0119,2014-08-02,Mumbai,Affluent,Conservative,10842912.0,4,139,1,RM07,0
CUST0120,2016-11-19,Ahmedabad,Mass,Conservative,812420.0,1,111,1,RM17,0
CUST0121,2025-12-02,Hyderabad,Mass,Conservative,2192768.0,2,1,0,RM05,0
CUST0122,2017-01-18,Ahmedabad,Mass,Aggressive,752471.0,4,109,1,RM11,0
CUST0123,2014-05-04,Delhi,Affluent,Conservative,4496403.0,6,142,0,RM10,0
CUST0124,2017-01-18,Ahmedabad,HNI,Moderate,19766814.0,4,109,1,RM16,0
CUST0125,2018-06-12,Bengaluru,Mass,Moderate,721283.0,5,92,1,RM17,0
CUST0126,2018-09-10,Kolkata,Mass,Conservative,796441.0,2,89,0,RM02,1
CUST0127,2020-02-02,Mumbai,Affluent,Moderate,2855502.0,1,72,1,RM18,1
CUST0128,2023-01-17,Pune,Affluent,Conservative,4334437.0,3,36,0,RM19,0
CUST0129,2020-05-02,Chennai,Mass,Moderate,447720.0,5,69,1,RM10,0
CUST0130,2015-02-28,Ahmedabad,Affluent,Moderate,8680872.0,1,132,1,RM02,0
CUST0131,2024-12-07,Delhi,HNI,Aggressive,6928976.0,6,13,1,RM11,0
CUST0132,2024-06-10,Delhi,Mass,Aggressive,726967.0,2,19,1,RM09,0
CUST0133,2015-08-27,Pune,Mass,Conservative,289337.0,5,126,0,RM20,0
CUST0134,2016-02-23,Kolkata,Mass,Moderate,845828.0,6,120,0,RM04,0
CUST0135,2019-12-04,Ahmedabad,HNI,Moderate,16045559.0,4,74,0,RM08,0
CUST0136,2021-09-24,Mumbai,Affluent,Aggressive,1814106.0,2,52,1,RM19,0
CUST0137,2024-09-08,Mumbai,Mass,Aggressive,1119695.0,2,16,1,RM24,1
CUST0138,2017-12-14,Bengaluru,Ultra-HNI,Moderate,16623492.0,3,98,1,RM15,0
CUST0139,2019-08-06,Mumbai,Mass,Moderate,655438.0,6,78,0,RM01,0
CUST0140,2016-06-22,Chennai,Affluent,Conservative,7206509.0,5,116,1,RM18,0
CUST0141,2021-08-25,Chennai,Affluent,Aggressive,10506901.0,4,53,0,RM01,0
CUST0142,2016-07-22,Ahmedabad,HNI,Aggressive,8242004.0,5,115,1,RM02,0
CUST0143,2014-09-01,Mumbai,Affluent,Conservative,3709944.0,1,138,0,RM17,0
CUST0144,2024-01-12,Bengaluru,Mass,Moderate,1210265.0,1,24,0,RM10,0
CUST0145,2016-11-19,Bengaluru,Mass,Conservative,1256101.0,4,111,1,RM01,0
CUST0146,2018-10-10,Hyderabad,Mass,Conservative,1348832.0,4,88,1,RM11,0
CUST0147,2021-02-26,Bengaluru,HNI,Moderate,81752759.0,2,59,1,RM10,0
CUST0148,2023-06-16,Pune,Mass,Conservative,504115.0,4,31,1,RM16,0
CUST0149,2024-02-11,Kolkata,Affluent,Moderate,6047469.0,1,23,0,RM24,0
CUST0150,2024-08-09,Pune,Mass,Conservative,551344.0,2,17,0,RM03,0
CUST0151,2022-10-19,Pune,Mass,Moderate,225039.0,6,39,1,RM17,1
CUST0152,2019-12-04,Mumbai,Mass,Moderate,634656.0,1,74,1,RM17,1
CUST0153,2019-08-06,Ahmedabad,Affluent,Moderate,1645311.0,4,78,1,RM25,0
CUST0154,2014-04-04,Hyderabad,Mass,Conservative,500761.0,6,143,0,RM10,0
CUST0155,2017-03-19,Delhi,Mass,Conservative,297406.0,5,107,0,RM05,0
CUST0156,2014-05-04,Pune,Mass,Moderate,848913.0,3,142,1,RM23,0
CUST0157,2017-01-18,Chennai,HNI,Moderate,13022002.0,2,109,0,RM02,0
CUST0158,2019-03-09,Ahmedabad,Affluent,Moderate,1845897.0,1,83,1,RM12,1
CUST0159,2016-04-23,Pune,Affluent,Moderate,7932292.0,1,118,0,RM17,0
CUST0160,2016-10-20,Ahmedabad,HNI,Aggressive,14335894.0,4,112,1,RM03,0
CUST0161,2016-05-23,Ahmedabad,Affluent,Conservative,3885197.0,4,117,1,RM08,0
CUST0162,2023-01-17,Delhi,Affluent,Conservative,2877907.0,3,36,0,RM03,0
CUST0163,2017-05-18,Bengaluru,Affluent,Aggressive,9270355.0,2,105,1,RM22,0
CUST0164,2023-04-17,Delhi,Mass,Aggressive,773844.0,1,33,1,RM07,0
CUST0165,2022-03-23,Delhi,Mass,Conservative,475985.0,1,46,1,RM16,0
CUST0166,2017-08-16,Pune,HNI,Aggressive,6973451.0,2,102,0,RM06,0
CUST0167,2020-01-03,Ahmedabad,Mass,Conservative,2652967.0,6,73,0,RM18,0
CUST0168,2016-08-21,Chennai,Mass,Aggressive,1980763.0,2,114,1,RM20,0
CUST0169,2017-06-17,Kolkata,HNI,Moderate,44191653.0,1,104,0,RM02,0
CUST0170,2017-03-19,Pune,Mass,Moderate,452977.0,4,107,1,RM19,1
CUST0171,2024-03-12,Bengaluru,Affluent,Aggressive,3740835.0,1,22,0,RM17,0
CUST0172,2024-09-08,Kolkata,Affluent,Aggressive,6142279.0,3,16,1,RM02,0
CUST0173,2023-01-17,Chennai,Mass,Conservative,407877.0,5,36,1,RM07,1
CUST0174,2021-09-24,Mumbai,Mass,Moderate,386996.0,1,52,0,RM22,0
CUST0175,2016-03-24,Pune,Mass,Moderate,1487411.0,6,119,0,RM12,1
CUST0176,2025-06-05,Ahmedabad,Affluent,Moderate,4780297.0,4,7,1,RM03,0
CUST0177,2019-08-06,Delhi,HNI,Conservative,10793044.0,6,78,0,RM17,0
CUST0178,2016-08-21,Bengaluru,Affluent,Conservative,8321120.0,5,114,1,RM20,0
CUST0179,2021-08-25,Pune,Mass,Aggressive,486356.0,6,53,1,RM11,0
CUST0180,2022-04-22,Ahmedabad,Mass,Moderate,224514.0,4,45,1,RM03,0
CUST0181,2023-07-16,Bengaluru,Affluent,Moderate,2639747.0,1,30,1,RM04,1
CUST0182,2020-11-28,Chennai,Affluent,Moderate,3708986.0,1,62,0,RM10,1
CUST0183,2018-09-10,Pune,Mass,Conservative,752622.0,2,89,1,RM13,1
CUST0184,2019-02-07,Kolkata,Mass,Conservative,732923.0,1,84,1,RM19,0
CUST0185,2015-11-25,Mumbai,Mass,Conservative,1310100.0,5,123,1,RM18,0
CUST0186,2025-12-02,Delhi,Mass,Conservative,585354.0,6,1,1,RM07,0
CUST0187,2022-06-21,Ahmedabad,Affluent,Aggressive,3814161.0,4,43,0,RM18,0
CUST0188,2021-10-24,Hyderabad,HNI,Conservative,39630755.0,2,51,0,RM03,0
CUST0189,2021-04-27,Kolkata,Mass,Conservative,1142381.0,6,57,0,RM05,0
CUST0190,2017-05-18,Mumbai,Mass,Moderate,592993.0,2,105,0,RM20,0
CUST0191,2024-10-08,Mumbai,Mass,Aggressive,783054.0,6,15,1,RM23,1
CUST0192,2022-07-21,Pune,Mass,Conservative,513453.0,5,42,1,RM18,1
CUST0193,2025-05-06,Chennai,Mass,Conservative,351917.0,3,8,0,RM12,0
CUST0194,2019-03-09,Ahmedabad,Mass,,2232919.0,5,83,0,RM23,0
CUST0195,2014-08-02,Chennai,Mass,Moderate,494994.0,4,139,0,RM09,1
CUST0196,2014-06-03,Kolkata,Affluent,Moderate,5795466.0,6,141,1,RM17,0
CUST0197,2025-06-05,Hyderabad,Affluent,Conservative,2141248.0,4,7,1,RM18,0
CUST0198,2024-07-10,Pune,Affluent,Aggressive,7388156.0,3,18,0,RM02,0
CUST0199,2019-03-09,Pune,Mass,,343561.0,1,83,1,RM24,0
CUST0200,2022-10-19,Mumbai,Mass,Aggressive,1678175.0,6,39,1,RM16,1
CUST0201,2023-03-18,Kolkata,Mass,Aggressive,1792131.0,5,34,1,RM07,0
CUST0202,2017-11-14,Ahmedabad,Mass,Moderate,910220.0,1,99,1,RM21,1
CUST0203,2022-04-22,Chennai,Mass,Conservative,710359.0,4,45,1,RM10,0
CUST0204,2018-11-09,Bengaluru,Mass,Moderate,601548.0,5,87,0,RM03,0
CUST0205,2025-07-05,Hyderabad,Ultra-HNI,Moderate,64630124.0,5,6,1,RM17,0
CUST0206,2014-06-03,Pune,Ultra-HNI,Conservative,83088735.0,2,141,1,RM04,0
CUST0207,2024-12-07,Chennai,Affluent,Conservative,5176813.0,1,13,0,RM15,0
CUST0208,2025-08-04,Bengaluru,Affluent,Conservative,8455080.0,6,5,1,RM17,1
CUST0209,2020-12-28,Ahmedabad,Affluent,Aggressive,2973578.0,3,61,1,RM04,0
CUST0210,2015-07-28,Kolkata,Affluent,Moderate,11418960.0,6,127,1,RM20,0
CUST0211,2018-06-12,Hyderabad,Affluent,Moderate,3905428.0,3,92,1,RM12,0
CUST0212,2020-03-03,Chennai,Mass,Moderate,442461.0,5,71,0,RM09,0
CUST0213,2022-09-19,Bengaluru,Ultra-HNI,Moderate,80985151.0,2,40,1,RM03,0
CUST0214,2023-04-17,Chennai,Affluent,Aggressive,6230357.0,4,33,0,RM19,0
CUST0215,2018-03-14,Hyderabad,Mass,Conservative,256574.0,4,95,0,RM05,1
CUST0216,2020-01-03,Mumbai,Mass,Conservative,511821.0,2,73,1,RM05,1
CUST0217,2018-09-10,Pune,Affluent,Moderate,1492127.0,5,89,0,RM07,0
CUST0218,2021-01-27,Hyderabad,HNI,Aggressive,13779623.0,3,60,1,RM12,0
CUST0219,2022-05-22,Delhi,Mass,Aggressive,470893.0,4,44,0,RM22,0
CUST0220,2023-11-13,Bengaluru,Mass,Aggressive,785396.0,1,26,1,RM19,1
CUST0221,2022-06-21,Bengaluru,Mass,Moderate,432377.0,1,43,0,RM19,0
CUST0222,2023-05-17,Ahmedabad,Mass,Conservative,492507.0,5,32,0,RM05,0
CUST0223,2020-03-03,Ahmedabad,Mass,Conservative,1366111.0,6,71,1,RM17,0
CUST0224,2022-07-21,Kolkata,Mass,Moderate,2075362.0,1,42,1,RM09,1
CUST0225,2016-07-22,Pune,Mass,Moderate,401854.0,1,115,1,RM12,1
CUST0226,2019-06-07,Ahmedabad,Mass,Moderate,1168150.0,2,80,1,RM16,0
CUST0227,2022-04-22,Pune,Affluent,Conservative,6098994.0,1,45,0,RM05,0
CUST0228,2025-01-06,Chennai,Affluent,Moderate,1893631.0,2,12,0,RM09,0
CUST0229,2024-07-10,Bengaluru,Mass,Aggressive,431575.0,5,18,0,RM10,1
CUST0230,2024-12-07,Pune,Mass,Conservative,126125.0,5,13,1,RM22,1
CUST0231,2022-02-21,Chennai,Affluent,Moderate,5887263.0,4,47,1,RM25,0
CUST0232,2022-01-22,Chennai,Mass,Conservative,368835.0,3,48,1,RM24,0
CUST0233,2025-05-06,Ahmedabad,Affluent,Moderate,5304151.0,1,8,1,RM14,0
CUST0234,2017-08-16,Ahmedabad,Mass,Moderate,2742455.0,4,102,0,RM17,0
CUST0235,2019-09-05,Hyderabad,Mass,Conservative,1601684.0,6,77,1,RM18,0
CUST0236,2014-06-03,Bengaluru,HNI,Moderate,13104771.0,2,141,1,RM20,0
CUST0237,2015-06-28,Chennai,Mass,,382893.0,4,128,1,RM17,0
CUST0238,2025-11-02,Bengaluru,Mass,Conservative,1357941.0,3,2,1,RM23,0
CUST0239,2017-09-15,Chennai,Mass,Aggressive,383732.0,3,101,1,RM10,0
CUST0240,2014-06-03,Bengaluru,Mass,Moderate,1150213.0,4,141,0,RM18,0
CUST0241,2016-06-22,Chennai,Affluent,Moderate,22188094.0,2,116,0,RM16,0
CUST0242,2017-11-14,Chennai,Affluent,Conservative,7144264.0,2,99,0,RM20,0
CUST0243,2024-04-11,Pune,HNI,Moderate,38322506.0,1,21,0,RM24,1
CUST0244,2015-04-29,Ahmedabad,Mass,Conservative,1199910.0,5,130,0,RM03,0
CUST0245,2016-03-24,Hyderabad,Mass,Conservative,490871.0,6,119,0,RM22,0
CUST0246,2019-08-06,Delhi,HNI,Moderate,23439781.0,3,78,1,RM21,0
CUST0247,2015-01-29,Delhi,Mass,Aggressive,394077.0,4,133,0,RM22,0
CUST0248,2020-07-01,Pune,HNI,Conservative,40621208.0,6,67,1,RM07,0
CUST0249,2019-09-05,Ahmedabad,Affluent,Moderate,2712878.0,5,77,1,RM15,0
CUST0250,2016-08-21,Bengaluru,Mass,Moderate,980565.0,2,114,0,RM02,1
CUST0251,2017-06-17,Mumbai,HNI,Moderate,37235951.0,5,104,0,RM02,0
CUST0252,2019-06-07,Mumbai,Mass,Aggressive,508865.0,3,80,0,RM15,1
CUST0253,2016-09-20,Bengaluru,Affluent,Moderate,3314419.0,6,113,0,RM25,0
CUST0254,2015-04-29,Ahmedabad,Mass,Moderate,607440.0,6,130,0,RM06,0
CUST0255,2018-04-13,Kolkata,Affluent,Conservative,3016184.0,1,94,1,RM20,0
CUST0256,2015-05-29,Kolkata,Affluent,Conservative,5370111.0,6,129,0,RM02,0
CUST0257,2021-01-27,Bengaluru,Mass,Moderate,402724.0,2,60,1,RM02,0
CUST0258,2019-09-05,Ahmedabad,Ultra-HNI,Conservative,41692616.0,3,77,1,RM16,0
CUST0259,2018-04-13,Chennai,Mass,Conservative,900889.0,5,94,1,RM07,0
CUST0260,2019-03-09,Chennai,Mass,Conservative,936587.0,1,83,1,RM03,1
CUST0261,2023-11-13,Ahmedabad,Mass,Conservative,567450.0,1,26,1,RM23,0
CUST0262,2020-07-31,Kolkata,Affluent,Moderate,1992314.0,3,66,0,RM23,0
CUST0263,2024-05-11,Bengaluru,Mass,Conservative,1269729.0,4,20,1,RM01,0
CUST0264,2017-10-15,Pune,Affluent,Conservative,3850523.0,4,100,1,RM25,0
CUST0265,2016-06-22,Bengaluru,Affluent,Moderate,15319141.0,6,116,1,RM01,0
CUST0266,2017-11-14,Hyderabad,Affluent,Moderate,4581432.0,2,99,1,RM19,1
CUST0267,2015-09-26,Delhi,HNI,Aggressive,21531293.0,5,125,0,RM20,0
CUST0268,2018-04-13,Mumbai,HNI,Aggressive,15758289.0,2,94,1,RM08,0
CUST0269,2021-06-26,Ahmedabad,Mass,Aggressive,762391.0,3,55,0,RM04,0
CUST0270,2025-04-06,Mumbai,Affluent,Moderate,33346135.0,4,9,1,RM15,0
CUST0271,2025-08-04,Chennai,Mass,Conservative,550404.0,3,5,1,RM23,0
CUST0272,2014-08-02,Delhi,Mass,Conservative,1345560.0,2,139,0,RM01,0
CUST0273,2016-09-20,Mumbai,Mass,Aggressive,700948.0,2,113,1,RM22,0
CUST0274,2021-12-23,Pune,Mass,Aggressive,1271778.0,6,49,1,RM16,0
CUST0275,2014-09-01,Bengaluru,Mass,Moderate,230453.0,6,138,0,RM25,0
CUST0276,2023-01-17,Kolkata,Mass,Moderate,1943554.0,1,36,1,RM07,0
CUST0277,2016-10-20,Hyderabad,Affluent,Conservative,5944068.0,2,112,1,RM17,0
CUST0278,2023-06-16,Pune,HNI,Conservative,17245728.0,6,31,0,RM12,0
CUST0279,2017-07-17,Pune,Mass,Moderate,1095981.0,1,103,0,RM16,1
CUST0280,2025-03-07,Delhi,Mass,,721791.0,4,10,0,RM05,1
CUST0281,2017-11-14,Chennai,Mass,Moderate,354693.0,2,99,0,RM13,0
CUST0282,2020-07-31,Kolkata,Mass,Moderate,175876.0,6,66,1,RM25,0
CUST0283,2019-02-07,Delhi,Ultra-HNI,Aggressive,181120420.0,5,84,1,RM22,0
CUST0284,2025-07-05,Mumbai,Mass,,589938.0,5,6,0,RM06,0
CUST0285,2021-07-26,Chennai,Mass,Conservative,476027.0,1,54,1,RM02,1
CUST0286,2024-01-12,Ahmedabad,Mass,Moderate,496814.0,1,24,0,RM11,0
CUST0287,2018-09-10,Bengaluru,Mass,Moderate,1492254.0,5,89,1,RM06,0
CUST0288,2025-12-02,Chennai,Affluent,Moderate,3763196.0,2,1,0,RM07,0
CUST0289,2015-03-30,Delhi,Ultra-HNI,Aggressive,94559654.0,3,131,1,RM05,0
CUST0290,2023-11-13,Pune,Affluent,Conservative,4099165.0,1,26,0,RM14,0
CUST0291,2019-10-05,Bengaluru,Mass,Conservative,334434.0,1,76,1,RM03,1
CUST0292,2014-03-05,Delhi,Affluent,Moderate,8089254.0,5,144,1,RM23,0
CUST0293,2021-01-27,Mumbai,HNI,Moderate,36652525.0,2,60,1,RM01,0
CUST0294,2019-08-06,Bengaluru,Mass,Moderate,458959.0,2,78,0,RM05,1
CUST0295,2014-08-02,Delhi,Affluent,Conservative,4826219.0,6,139,1,RM15,0
CUST0296,2025-03-07,Chennai,Affluent,Conservative,5197536.0,5,10,0,RM04,0
CUST0297,2019-05-08,Chennai,Affluent,Moderate,6294325.0,2,81,0,RM13,0
CUST0298,2019-04-08,Chennai,Mass,Moderate,1971983.0,6,82,1,RM02,0
CUST0299,2017-05-18,Bengaluru,Affluent,Conservative,4123495.0,6,105,0,RM22,0
CUST0300,2018-11-09,Mumbai,Affluent,Aggressive,4109517.0,3,87,1,RM15,0
CUST0301,2020-04-02,Kolkata,Affluent,Moderate,4474553.0,3,70,0,RM08,0
CUST0302,2019-07-07,Hyderabad,Mass,Conservative,397171.0,4,79,1,RM16,0
CUST0303,2022-07-21,Delhi,Mass,Conservative,258629.0,1,42,1,RM14,1
CUST0304,2021-12-23,Mumbai,Affluent,Conservative,5303673.0,6,49,1,RM21,0
CUST0305,2014-10-01,Ahmedabad,Affluent,Conservative,6585249.0,1,137,1,RM19,0
CUST0306,2018-03-14,Ahmedabad,Ultra-HNI,Moderate,66431987.0,5,95,1,RM21,1
CUST0307,2017-11-14,Delhi,Mass,Aggressive,644256.0,4,99,1,RM22,0
CUST0308,2024-04-11,Chennai,Mass,Conservative,406785.0,1,21,1,RM03,1
CUST0309,2021-05-27,Hyderabad,Affluent,Conservative,5661286.0,3,56,1,RM20,0
CUST0310,2023-05-17,Chennai,Affluent,Aggressive,5410018.0,2,32,1,RM23,0
CUST0311,2014-10-01,Kolkata,Affluent,Moderate,6398223.0,6,137,0,RM05,0
CUST0312,2014-03-05,Hyderabad,Affluent,Moderate,5887619.0,4,144,0,RM21,0
CUST0313,2021-12-23,Bengaluru,Mass,Moderate,828142.0,3,49,1,RM16,0
CUST0314,2021-01-27,Kolkata,Mass,Conservative,1377347.0,2,60,1,RM17,0
CUST0315,2017-11-14,Kolkata,Mass,Conservative,913509.0,1,99,1,RM18,0
CUST0316,2024-03-12,Mumbai,Mass,Aggressive,868633.0,4,22,1,RM09,0
CUST0317,2019-05-08,Kolkata,Affluent,Moderate,1889758.0,4,81,1,RM23,0
CUST0318,2023-05-17,Pune,Mass,Conservative,1190357.0,6,32,1,RM19,0
CUST0319,2019-10-05,Ahmedabad,HNI,Aggressive,16962576.0,4,76,1,RM11,0
CUST0320,2017-05-18,Ahmedabad,Mass,Moderate,696558.0,3,105,0,RM16,0
CUST0321,2017-03-19,Mumbai,Affluent,Conservative,2446685.0,3,107,0,RM24,0
CUST0322,2024-08-09,Chennai,Affluent,Aggressive,15553104.0,2,17,1,RM09,0
CUST0323,2022-07-21,Mumbai,Mass,Moderate,171018.0,4,42,1,RM23,0
CUST0324,2021-10-24,Mumbai,Affluent,Moderate,11170671.0,1,51,0,RM01,1
CUST0325,2017-05-18,Ahmedabad,HNI,Conservative,25246010.0,1,105,1,RM20,1
CUST0326,2022-01-22,Delhi,HNI,Conservative,7007060.0,6,48,1,RM15,0
CUST0327,2020-07-01,Mumbai,Mass,Aggressive,2043877.0,1,67,0,RM18,1
CUST0328,2023-04-17,Ahmedabad,Affluent,Conservative,6536493.0,2,33,0,RM15,0
CUST0329,2021-11-23,Chennai,Mass,Aggressive,182274.0,4,50,1,RM12,0
CUST0330,2020-05-02,Mumbai,Mass,Moderate,528601.0,2,69,0,RM04,0
CUST0331,2023-06-16,Bengaluru,Mass,Moderate,894771.0,5,31,0,RM07,1
CUST0332,2024-09-08,Mumbai,HNI,Aggressive,51270248.0,4,16,1,RM23,1
CUST0333,2024-04-11,Pune,Affluent,Aggressive,3934341.0,1,21,1,RM11,0
CUST0334,2020-07-31,Ahmedabad,Mass,Aggressive,155522.0,3,66,1,RM04,1
CUST0335,2024-01-12,Chennai,Ultra-HNI,Moderate,148011675.0,5,24,1,RM04,0
CUST0336,2025-08-04,Kolkata,Affluent,Moderate,6480781.0,3,5,1,RM08,0
CUST0337,2016-01-24,Bengaluru,Mass,,195328.0,5,121,1,RM19,0
CUST0338,2014-07-03,Chennai,Affluent,Conservative,5949533.0,4,140,1,RM10,0
CUST0339,2019-12-04,Delhi,Affluent,Aggressive,6306251.0,3,74,0,RM11,0
CUST0340,2018-10-10,Mumbai,Mass,Aggressive,557795.0,4,88,1,RM18,0
CUST0341,2024-01-12,Delhi,Mass,Conservative,423088.0,3,24,1,RM16,0
CUST0342,2025-02-05,Hyderabad,Mass,Moderate,476865.0,1,11,0,RM03,1
CUST0343,2025-01-06,Mumbai,Mass,Aggressive,557599.0,3,12,0,RM10,0
CUST0344,2023-09-14,Kolkata,Affluent,Moderate,5989010.0,3,28,0,RM18,0
CUST0345,2024-08-09,Ahmedabad,Mass,Conservative,1028836.0,5,17,0,RM18,1
CUST0346,2017-03-19,Bengaluru,Mass,Conservative,204645.0,5,107,1,RM11,0
CUST0347,2016-11-19,Bengaluru,HNI,Moderate,23002762.0,4,111,0,RM06,0
CUST0348,2017-04-18,Delhi,Ultra-HNI,Aggressive,86764745.0,3,106,0,RM05,0
CUST0349,2022-07-21,Chennai,Affluent,Conservative,5407882.0,4,42,1,RM03,0
CUST0350,2021-08-25,Ahmedabad,Affluent,Moderate,3943857.0,6,53,1,RM03,0
CUST0351,2021-09-24,Chennai,HNI,Moderate,43629151.0,6,52,1,RM25,0
CUST0352,2024-03-12,Kolkata,Affluent,Aggressive,10321729.0,2,22,0,RM11,0
CUST0353,2020-05-02,Bengaluru,Mass,Aggressive,545208.0,2,69,1,RM09,0
CUST0354,2019-08-06,Chennai,Mass,,637078.0,3,78,1,RM12,0
CUST0355,2023-07-16,Chennai,Mass,Moderate,1019530.0,4,30,0,RM13,0
CUST0356,2022-09-19,Ahmedabad,Mass,Aggressive,1350230.0,5,40,0,RM04,0
CUST0357,2020-06-01,Chennai,Mass,Moderate,425833.0,5,68,1,RM23,0
CUST0358,2024-11-07,Hyderabad,Mass,Moderate,375094.0,4,14,1,RM13,1
CUST0359,2019-01-08,Kolkata,Mass,Conservative,775396.0,5,85,0,RM15,0
CUST0360,2021-11-23,Ahmedabad,Affluent,Moderate,2656106.0,1,50,0,RM13,0
CUST0361,2017-07-17,Ahmedabad,Mass,Conservative,228797.0,2,103,1,RM24,0
CUST0362,2017-01-18,Mumbai,Mass,Aggressive,424698.0,4,109,1,RM25,0
CUST0363,2021-07-26,Mumbai,Affluent,Conservative,6198267.0,4,54,1,RM04,0
CUST0364,2021-10-24,Chennai,Mass,Conservative,1567239.0,6,51,1,RM18,0
CUST0365,2019-09-05,Bengaluru,Mass,Aggressive,451585.0,4,77,0,RM05,0
CUST0366,2025-07-05,Pune,Mass,Moderate,622808.0,3,6,1,RM01,0
CUST0367,2023-09-14,Chennai,Affluent,Moderate,5367593.0,4,28,0,RM14,0
CUST0368,2024-07-10,Chennai,HNI,Moderate,13986606.0,1,18,1,RM12,0
CUST0369,2022-08-20,Mumbai,Mass,Conservative,447039.0,3,41,1,RM13,1
CUST0370,2018-12-09,Bengaluru,Affluent,Conservative,5924353.0,1,86,1,RM01,1
CUST0371,2023-01-17,Hyderabad,HNI,Moderate,10342302.0,1,36,1,RM17,0
CUST0372,2019-10-05,Pune,HNI,Aggressive,13101834.0,3,76,1,RM13,0
CUST0373,2017-10-15,Delhi,HNI,Moderate,17875061.0,1,100,1,RM02,1
CUST0374,2017-12-14,Hyderabad,Affluent,Conservative,5883686.0,2,98,0,RM09,0
CUST0375,2019-09-05,Hyderabad,Mass,Conservative,289802.0,6,77,0,RM04,0
CUST0376,2019-03-09,Bengaluru,Mass,Moderate,620568.0,6,83,1,RM23,0
CUST0377,2020-09-29,Ahmedabad,Mass,Conservative,327869.0,4,64,1,RM19,0
CUST0378,2020-02-02,Chennai,Mass,Conservative,457728.0,6,72,0,RM13,0
CUST0379,2016-07-22,Bengaluru,HNI,Moderate,30832659.0,1,115,1,RM03,0
CUST0380,2020-05-02,Pune,Mass,Moderate,640321.0,6,69,1,RM22,0
CUST0381,2021-10-24,Delhi,Affluent,Moderate,12339659.0,3,51,1,RM09,0
CUST0382,2014-08-02,Pune,Ultra-HNI,Conservative,63759690.0,3,139,1,RM15,0
CUST0383,2015-01-29,Pune,Mass,Conservative,1135686.0,5,133,0,RM19,0
CUST0384,2015-09-26,Chennai,Mass,Conservative,1032472.0,3,125,1,RM10,1
CUST0385,2016-03-24,Delhi,Mass,Moderate,662032.0,4,119,1,RM25,0
CUST0386,2021-05-27,Bengaluru,Mass,Conservative,323428.0,2,56,0,RM06,0
CUST0387,2014-08-02,Delhi,Mass,Aggressive,629399.0,4,139,0,RM09,0
CUST0388,2018-03-14,Mumbai,Mass,Conservative,497483.0,1,95,1,RM05,0
CUST0389,2015-05-29,Ahmedabad,Affluent,Moderate,3598616.0,2,129,0,RM09,0
CUST0390,2025-10-03,Kolkata,Mass,Conservative,726535.0,4,3,1,RM20,0
CUST0391,2024-09-08,Hyderabad,Affluent,Moderate,2220130.0,6,16,0,RM12,0
CUST0392,2025-09-03,Kolkata,Mass,Moderate,412391.0,2,4,0,RM23,1
CUST0393,2014-03-05,Pune,Mass,Conservative,382202.0,4,144,1,RM23,0
CUST0394,2022-03-23,Hyderabad,Mass,Moderate,579845.0,1,46,0,RM09,0
CUST0395,2025-07-05,Pune,Affluent,Conservative,3229544.0,4,6,1,RM20,0
CUST0396,2017-01-18,Hyderabad,Affluent,Moderate,3348438.0,6,109,0,RM13,0
CUST0397,2016-08-21,Hyderabad,Mass,Aggressive,718446.0,3,114,1,RM11,1
CUST0398,2014-12-30,Delhi,Affluent,Moderate,3856281.0,5,134,0,RM08,0
CUST0399,2019-02-07,Hyderabad,Mass,Moderate,668628.0,3,84,1,RM02,0
CUST0400,2017-11-14,Chennai,HNI,Conservative,10817832.0,6,99,1,RM12,0
CUST0401,2018-09-10,Delhi,Ultra-HNI,Moderate,42064222.0,4,89,0,RM17,0
CUST0402,2017-08-16,Chennai,Mass,Moderate,2048864.0,2,102,0,RM22,0
CUST0403,2019-11-04,Kolkata,Mass,Conservative,454416.0,2,75,1,RM11,0
CUST0404,2025-08-04,Chennai,Mass,Conservative,209359.0,6,5,1,RM04,1
CUST0405,2023-12-13,Chennai,Affluent,Conservative,5947675.0,3,25,0,RM12,0
CUST0406,2014-12-30,Delhi,Mass,Conservative,451783.0,3,134,1,RM08,0
CUST0407,2025-06-05,Kolkata,Affluent,Aggressive,5634710.0,4,7,1,RM23,1
CUST0408,2024-12-07,Mumbai,HNI,Conservative,19021798.0,1,13,1,RM18,0
CUST0409,2016-06-22,Kolkata,Mass,Conservative,902363.0,2,116,0,RM23,0
CUST0410,2014-10-01,Ahmedabad,HNI,Conservative,18916551.0,3,137,1,RM08,0
CUST0411,2020-08-30,Delhi,Mass,Conservative,588738.0,2,65,1,RM12,1
CUST0412,2024-04-11,Hyderabad,HNI,Moderate,37569256.0,4,21,1,RM03,0
CUST0413,2019-01-08,Hyderabad,Affluent,Conservative,1454776.0,3,85,0,RM04,0
CUST0414,2025-08-04,Kolkata,Mass,Conservative,321683.0,3,5,1,RM10,1
CUST0415,2021-09-24,Bengaluru,Mass,Conservative,423597.0,5,52,1,RM10,0
CUST0416,2019-04-08,Pune,Affluent,Moderate,1942092.0,5,82,1,RM17,0
CUST0417,2015-07-28,Mumbai,Affluent,Moderate,3785459.0,2,127,1,RM06,0
CUST0418,2024-08-09,Kolkata,Mass,Moderate,485239.0,3,17,0,RM25,1
CUST0419,2018-10-10,Kolkata,HNI,Conservative,34155202.0,4,88,0,RM20,0
CUST0420,2025-08-04,Delhi,Affluent,Conservative,4693977.0,6,5,0,RM23,0
CUST0421,2020-07-01,Delhi,HNI,Aggressive,17772878.0,4,67,0,RM08,0
CUST0422,2018-01-13,Mumbai,Mass,Conservative,541138.0,1,97,1,RM15,1
CUST0423,2025-07-05,Kolkata,Mass,Moderate,373900.0,4,6,1,RM13,1
CUST0424,2017-03-19,Hyderabad,Mass,Conservative,1088463.0,5,107,0,RM20,0
CUST0425,2014-05-04,Bengaluru,Mass,Conservative,1297413.0,6,142,0,RM22,0
CUST0426,2022-06-21,Hyderabad,Mass,Moderate,342371.0,6,43,1,RM15,0
CUST0427,2016-12-19,Hyderabad,Mass,Moderate,1625573.0,5,110,0,RM25,1
CUST0428,2019-09-05,Mumbai,Affluent,Conservative,3406854.0,4,77,1,RM13,0
CUST0429,2015-01-29,Chennai,Mass,Moderate,440848.0,2,133,1,RM07,0
CUST0430,2019-01-08,Hyderabad,Mass,Moderate,864907.0,6,85,1,RM05,0
CUST0431,2016-06-22,Hyderabad,Affluent,Moderate,6712383.0,3,116,1,RM10,0
CUST0432,2024-01-12,Delhi,Affluent,Aggressive,4738092.0,5,24,1,RM08,0
CUST0433,2022-12-18,Ahmedabad,Affluent,Moderate,4072973.0,5,37,1,RM06,0
CUST0434,2020-09-29,Mumbai,Affluent,Conservative,9389799.0,1,64,0,RM12,0
CUST0435,2015-03-30,Kolkata,Mass,Conservative,473319.0,3,131,1,RM07,0
CUST0436,2018-06-12,Ahmedabad,Affluent,Moderate,4744599.0,5,92,0,RM25,0
CUST0437,2023-06-16,Kolkata,Affluent,Conservative,12508556.0,3,31,1,RM08,0
CUST0438,2015-06-28,Hyderabad,Mass,Aggressive,319638.0,4,128,0,RM16,0
CUST0439,2018-08-11,Delhi,Mass,Aggressive,518183.0,4,90,1,RM19,0
CUST0440,2020-12-28,Bengaluru,HNI,Conservative,35115907.0,1,61,1,RM24,0
CUST0441,2021-05-27,Hyderabad,Mass,Aggressive,891571.0,2,56,1,RM18,0
CUST0442,2017-09-15,Mumbai,Mass,Conservative,1090394.0,3,101,0,RM07,0
CUST0443,2015-07-28,Pune,Mass,Conservative,322144.0,3,127,1,RM14,0
CUST0444,2020-01-03,Ahmedabad,HNI,Aggressive,23841865.0,1,73,1,RM02,0
CUST0445,2015-12-25,Pune,Mass,Moderate,570048.0,1,122,0,RM07,0
CUST0446,2017-08-16,Ahmedabad,HNI,Moderate,69731988.0,2,102,0,RM25,0
CUST0447,2025-02-05,Chennai,HNI,Aggressive,31186572.0,6,11,0,RM01,0
CUST0448,2016-08-21,Bengaluru,Affluent,Conservative,4867374.0,6,114,0,RM09,0
CUST0449,2019-05-08,Mumbai,Mass,Moderate,780418.0,6,81,1,RM02,0
CUST0450,2019-09-05,Chennai,Mass,Aggressive,687075.0,6,77,0,RM14,0
CUST0451,2018-09-10,Mumbai,HNI,Aggressive,29349869.0,6,89,1,RM19,0
CUST0452,2025-04-06,Pune,Ultra-HNI,Moderate,41424169.0,5,9,1,RM02,1
CUST0453,2015-03-30,Kolkata,HNI,Conservative,42338606.0,1,131,1,RM04,0
CUST0454,2015-07-28,Mumbai,HNI,Aggressive,9642976.0,3,127,1,RM22,0
CUST0455,2014-03-05,Hyderabad,Affluent,Conservative,5515729.0,5,144,0,RM07,0
CUST0456,2018-11-09,Hyderabad,Mass,Aggressive,423787.0,3,87,1,RM01,0
CUST0457,2023-02-16,Bengaluru,Mass,Conservative,682758.0,2,35,1,RM03,0
CUST0458,2018-11-09,Delhi,Mass,Conservative,1148251.0,1,87,0,RM23,1
CUST0459,2022-08-20,Pune,Mass,Conservative,260030.0,3,41,1,RM24,0
CUST0460,2019-12-04,Delhi,Mass,Moderate,607512.0,3,74,1,RM05,1
CUST0461,2016-06-22,Mumbai,Mass,Conservative,302088.0,5,116,1,RM08,0
CUST0462,2023-11-13,Hyderabad,Mass,Moderate,571877.0,5,26,1,RM05,1
CUST0463,2020-07-31,Mumbai,Mass,Aggressive,301650.0,1,66,1,RM13,1
CUST0464,2020-03-03,Bengaluru,Affluent,Conservative,5386048.0,4,71,0,RM21,0
CUST0465,2014-12-30,Mumbai,Affluent,Moderate,3897894.0,6,134,1,RM19,0
CUST0466,2019-08-06,Hyderabad,Affluent,Moderate,7431645.0,3,78,1,RM10,0
CUST0467,2021-11-23,Delhi,Affluent,Moderate,9684598.0,6,50,1,RM18,0
CUST0468,2021-05-27,Bengaluru,Mass,Moderate,670780.0,1,56,1,RM07,1
CUST0469,2022-05-22,Chennai,Mass,Aggressive,1090177.0,2,44,1,RM23,0
CUST0470,2024-03-12,Chennai,Mass,Moderate,1426440.0,6,22,0,RM15,0
CUST0471,2017-07-17,Pune,Mass,Moderate,401589.0,5,103,1,RM23,1
CUST0472,2016-12-19,Ahmedabad,Affluent,Conservative,10848989.0,2,110,1,RM07,0
CUST0473,2023-08-15,Hyderabad,Affluent,Moderate,4828391.0,6,29,1,RM24,0
CUST0474,2020-07-31,Chennai,Mass,Conservative,389350.0,3,66,0,RM08,1
CUST0475,2017-01-18,Hyderabad,HNI,Moderate,23546663.0,5,109,0,RM18,1
CUST0476,2017-09-15,Hyderabad,Mass,Moderate,640938.0,2,101,1,RM02,0
CUST0477,2025-01-06,Mumbai,Mass,Moderate,307578.0,3,12,1,RM06,0
CUST0478,2025-06-05,Chennai,HNI,Moderate,10905340.0,2,7,0,RM14,0
CUST0479,2025-02-05,Pune,Affluent,Moderate,12126010.0,3,11,1,RM13,0
CUST0480,2020-01-03,Kolkata,Affluent,Conservative,5743369.0,4,73,1,RM04,0
CUST0481,2015-02-28,Mumbai,Affluent,Moderate,11131920.0,5,132,1,RM01,0
CUST0482,2025-02-05,Pune,Mass,Aggressive,530314.0,4,11,0,RM21,0
CUST0483,2017-09-15,Mumbai,Affluent,Moderate,3170641.0,1,101,1,RM07,0
CUST0484,2017-04-18,Mumbai,Affluent,Conservative,1952297.0,4,106,1,RM19,0
CUST0485,2014-08-02,Mumbai,Mass,Moderate,1135664.0,3,139,0,RM05,1
CUST0486,2019-02-07,Mumbai,Mass,Conservative,835836.0,1,84,1,RM08,0
CUST0487,2014-09-01,Mumbai,Ultra-HNI,Moderate,53020570.0,2,138,0,RM01,0
CUST0488,2020-07-31,Hyderabad,Mass,Conservative,431222.0,6,66,1,RM14,0
CUST0489,2022-10-19,Ahmedabad,HNI,Moderate,37136789.0,3,39,0,RM13,1
CUST0490,2014-06-03,Kolkata,Mass,Aggressive,604910.0,5,141,0,RM15,0
CUST0491,2019-10-05,Pune,Mass,Conservative,608498.0,2,76,0,RM19,0
CUST0492,2022-02-21,Mumbai,Affluent,Moderate,3540989.0,6,47,1,RM17,0
CUST0493,2018-05-13,Ahmedabad,Affluent,Conservative,3938213.0,5,93,0,RM06,1
CUST0494,2020-12-28,Hyderabad,Mass,Conservative,902486.0,1,61,1,RM11,0
CUST0495,2017-02-17,Mumbai,Mass,Moderate,305987.0,5,108,0,RM02,1
CUST0496,2017-03-19,Pune,Mass,Moderate,697143.0,6,107,1,RM17,0
CUST0497,2025-10-03,Pune,Affluent,Aggressive,,6,3,1,RM10,0
CUST0498,2019-10-05,Chennai,Mass,Conservative,636489.0,5,76,1,RM05,1
CUST0499,2015-10-26,Pune,Affluent,Conservative,8799142.0,5,124,0,RM22,0
CUST0500,2018-03-14,Pune,Mass,Moderate,1393975.0,4,95,1,RM12,1
CUST0501,2017-06-17,Hyderabad,Mass,,1096146.0,1,104,0,RM02,1
CUST0502,2014-06-03,Bengaluru,Mass,Moderate,496257.0,1,141,0,RM03,0
CUST0503,2021-11-23,Ahmedabad,Mass,Moderate,653991.0,2,50,1,RM08,0
CUST0504,2017-09-15,Hyderabad,Affluent,Aggressive,5959600.0,2,101,1,RM24,0
CUST0505,2025-08-04,Chennai,Ultra-HNI,Conservative,51237283.0,6,5,0,RM03,0
CUST0506,2024-03-12,Kolkata,Mass,Aggressive,505666.0,6,22,1,RM11,0
CUST0507,2017-09-15,Delhi,Mass,Aggressive,489196.0,2,101,1,RM10,0
CUST0508,2023-06-16,Ahmedabad,HNI,Conservative,80946476.0,3,31,1,RM16,0
CUST0509,2016-08-21,Pune,Mass,Conservative,574491.0,5,114,1,RM15,0
CUST0510,2015-08-27,Pune,Mass,Moderate,1200336.0,5,126,1,RM13,0
CUST0511,2015-05-29,Bengaluru,Affluent,Moderate,3054630.0,6,129,1,RM21,0
CUST0512,2025-06-05,Bengaluru,Mass,Conservative,1700302.0,5,7,1,RM01,0
CUST0513,2022-02-21,Ahmedabad,Mass,Moderate,541516.0,5,47,1,RM10,1
CUST0514,2019-12-04,Pune,HNI,Moderate,20572744.0,5,74,0,RM02,0
CUST0515,2025-10-03,Mumbai,Affluent,Aggressive,1798283.0,6,3,1,RM08,0
CUST0516,2015-03-30,Kolkata,Affluent,,9106244.0,3,131,1,RM07,0
CUST0517,2014-07-03,Mumbai,Mass,Aggressive,1388329.0,2,140,0,RM23,0
CUST0518,2016-10-20,Chennai,Mass,Moderate,347091.0,6,112,1,RM17,0
CUST0519,2022-08-20,Chennai,HNI,Moderate,38128885.0,1,41,1,RM06,0
CUST0520,2024-08-09,Bengaluru,HNI,Conservative,9576590.0,2,17,0,RM17,1
CUST0521,2016-02-23,Chennai,Affluent,Moderate,6975938.0,1,120,1,RM21,0
CUST0522,2017-03-19,Delhi,Mass,Aggressive,569183.0,6,107,1,RM05,0
CUST0523,2014-10-01,Pune,Affluent,Aggressive,10275572.0,6,137,1,RM15,0
CUST0524,2021-05-27,Pune,Mass,Moderate,764820.0,3,56,0,RM13,0
CUST0525,2023-12-13,Kolkata,Affluent,Conservative,8224663.0,1,25,0,RM23,0
CUST0526,2015-04-29,Chennai,Affluent,Conservative,9733718.0,2,130,0,RM10,0
CUST0527,2024-09-08,Hyderabad,Mass,Moderate,568225.0,4,16,0,RM17,1
CUST0528,2019-03-09,Delhi,Mass,Conservative,656346.0,3,83,0,RM15,1
CUST0529,2020-06-01,Bengaluru,Affluent,Conservative,2674279.0,5,68,1,RM09,0
CUST0530,2019-06-07,Hyderabad,HNI,Aggressive,16942351.0,5,80,1,RM09,0
CUST0531,2021-03-28,Chennai,Mass,Conservative,1924603.0,3,58,1,RM22,1
CUST0532,2025-11-02,Ahmedabad,Mass,Moderate,1010566.0,4,2,1,RM23,1
CUST0533,2018-08-11,Bengaluru,Affluent,Conservative,2774027.0,1,90,1,RM07,0
CUST0534,2023-01-17,Mumbai,Mass,Conservative,1635786.0,1,36,0,RM12,1
CUST0535,2024-08-09,Kolkata,Mass,Conservative,825952.0,3,17,0,RM04,1
CUST0536,2021-01-27,Hyderabad,Mass,Conservative,1052916.0,1,60,0,RM11,1
CUST0537,2022-07-21,Mumbai,Mass,Moderate,873385.0,1,42,1,RM22,0
CUST0538,2017-05-18,Ahmedabad,Mass,Moderate,840042.0,5,105,1,RM18,0
CUST0539,2021-08-25,Delhi,HNI,Moderate,6659785.0,1,53,0,RM13,1
CUST0540,2019-11-04,Ahmedabad,HNI,Aggressive,36732337.0,2,75,1,RM20,0
CUST0541,2020-04-02,Bengaluru,Affluent,Moderate,1426103.0,5,70,1,RM14,0
CUST0542,2015-11-25,Bengaluru,Mass,Moderate,1166052.0,2,123,0,RM11,0
CUST0543,2024-10-08,Delhi,Affluent,Moderate,5204853.0,2,15,1,RM01,0
CUST0544,2025-08-04,Delhi,Mass,Moderate,1055838.0,5,5,0,RM03,0
CUST0545,2015-09-26,Kolkata,Affluent,,5376031.0,1,125,1,RM14,0
CUST0546,2022-02-21,Chennai,Mass,Aggressive,1183994.0,2,47,1,RM03,1
CUST0547,2017-06-17,Hyderabad,Affluent,Moderate,4971448.0,4,104,0,RM01,0
CUST0548,2018-11-09,Bengaluru,Mass,Moderate,778287.0,1,87,0,RM09,1
CUST0549,2016-12-19,Chennai,HNI,Moderate,24964327.0,4,110,1,RM14,0
CUST0550,2018-03-14,Chennai,Affluent,Aggressive,13847200.0,3,95,1,RM19,0
CUST0551,2023-01-17,Bengaluru,Mass,Moderate,927726.0,2,36,1,RM25,0
CUST0552,2020-01-03,Hyderabad,HNI,Moderate,9684830.0,4,73,1,RM17,0
CUST0553,2022-04-22,Chennai,Mass,Moderate,489016.0,1,45,0,RM25,0
CUST0554,2021-03-28,Kolkata,Mass,Moderate,926568.0,4,58,0,RM08,0
CUST0555,2019-07-07,Kolkata,Affluent,Conservative,9852154.0,3,79,1,RM17,0
CUST0556,2025-02-05,Pune,Affluent,Aggressive,3312267.0,1,11,0,RM01,0
CUST0557,2025-08-04,Mumbai,Mass,Aggressive,2285906.0,5,5,1,RM04,0
CUST0558,2017-09-15,Ahmedabad,Mass,Conservative,734483.0,3,101,0,RM17,0
CUST0559,2024-12-07,Pune,Mass,Conservative,840416.0,1,13,1,RM08,1
CUST0560,2015-03-30,Pune,Mass,Aggressive,334570.0,3,131,1,RM15,1
CUST0561,2018-05-13,Pune,Mass,Conservative,1231634.0,5,93,0,RM24,0
CUST0562,2016-05-23,Hyderabad,Mass,Conservative,521862.0,3,117,1,RM20,0
CUST0563,2020-06-01,Hyderabad,Mass,Conservative,442460.0,3,68,1,RM09,0
CUST0564,2017-09-15,Mumbai,Affluent,Conservative,4138667.0,1,101,1,RM18,1
CUST0565,2023-10-14,Ahmedabad,Affluent,Moderate,10541896.0,1,27,1,RM24,0
CUST0566,2018-06-12,Kolkata,HNI,Moderate,25815841.0,2,92,0,RM07,1
CUST0567,2022-04-22,Ahmedabad,Mass,Moderate,408948.0,2,45,1,RM14,0
CUST0568,2016-10-20,Pune,Mass,,498138.0,4,112,1,RM19,0
CUST0569,2021-08-25,Bengaluru,Mass,Moderate,1447867.0,3,53,0,RM17,1
CUST0570,2016-10-20,Bengaluru,Mass,Conservative,585564.0,1,112,1,RM13,0
CUST0571,2015-05-29,Kolkata,Affluent,Moderate,6706363.0,4,129,0,RM11,0
CUST0572,2025-12-02,Delhi,Mass,Moderate,1038380.0,6,1,1,RM15,0
CUST0573,2025-03-07,Hyderabad,Affluent,Aggressive,751636.0,6,10,0,RM13,0
CUST0574,2021-09-24,Pune,HNI,Aggressive,40054653.0,6,52,1,RM09,0
CUST0575,2019-07-07,Delhi,Mass,Moderate,417294.0,3,79,0,RM22,0
CUST0576,2015-09-26,Mumbai,Mass,Moderate,546898.0,3,125,1,RM20,0
CUST0577,2020-09-29,Mumbai,Affluent,Moderate,11489751.0,1,64,1,RM17,1
CUST0578,2015-11-25,Kolkata,Affluent,Moderate,10920463.0,5,123,1,RM05,0
CUST0579,2017-04-18,Bengaluru,Mass,Moderate,874467.0,3,106,1,RM13,0
CUST0580,2017-07-17,Delhi,Affluent,Aggressive,7355668.0,4,103,0,RM06,0
CUST0581,2015-02-28,Ahmedabad,Mass,Aggressive,1141917.0,2,132,1,RM05,0
CUST0582,2022-04-22,Hyderabad,Affluent,Moderate,10819923.0,2,45,0,RM06,1
CUST0583,2018-01-13,Mumbai,Affluent,Moderate,11604698.0,5,97,1,RM04,0
CUST0584,2016-07-22,Bengaluru,Mass,Moderate,707559.0,3,115,1,RM20,0
CUST0585,2014-07-03,Chennai,Mass,Conservative,444545.0,4,140,0,RM13,0
CUST0586,2023-03-18,Chennai,Affluent,Moderate,4282324.0,6,34,0,RM19,1
CUST0587,2016-08-21,Kolkata,Affluent,Aggressive,5284563.0,2,114,1,RM25,0
CUST0588,2023-04-17,Kolkata,HNI,Aggressive,19407173.0,1,33,1,RM07,0
CUST0589,2014-08-02,Mumbai,Mass,Aggressive,382169.0,5,139,0,RM05,0
CUST0590,2019-08-06,Bengaluru,Affluent,Moderate,6265551.0,4,78,1,RM04,0
CUST0591,2015-07-28,Hyderabad,Affluent,Moderate,2080372.0,3,127,1,RM01,0
CUST0592,2019-03-09,Mumbai,Affluent,Moderate,5164421.0,4,83,1,RM01,0
CUST0593,2025-02-05,Hyderabad,Mass,Moderate,724014.0,6,11,0,RM15,0
CUST0594,2021-10-24,Mumbai,Mass,Conservative,710499.0,2,51,1,RM18,0
CUST0595,2018-10-10,Hyderabad,Affluent,Moderate,7869527.0,5,88,1,RM08,0
CUST0596,2018-11-09,Mumbai,Mass,,990112.0,4,87,0,RM14,0
CUST0597,2019-06-07,Pune,Mass,Moderate,2264384.0,5,80,1,RM06,0
CUST0598,2017-07-17,Chennai,Mass,Aggressive,501620.0,6,103,0,RM18,0
CUST0599,2019-02-07,Ahmedabad,HNI,Moderate,23300226.0,1,84,0,RM18,1
CUST0600,2023-11-13,Mumbai,Affluent,Conservative,5546738.0,1,26,0,RM18,1
CUST0601,2025-01-06,Kolkata,HNI,Moderate,21918528.0,1,12,1,RM13,1
CUST0602,2022-07-21,Chennai,HNI,Moderate,9965808.0,2,42,1,RM22,0
CUST0603,2024-05-11,Chennai,Affluent,Moderate,2570031.0,3,20,0,RM03,0
CUST0604,2017-09-15,Pune,Mass,Conservative,669239.0,2,101,1,RM11,0
CUST0605,2014-06-03,Hyderabad,Mass,Moderate,280295.0,5,141,0,RM02,1
CUST0606,2014-12-30,Ahmedabad,Affluent,Aggressive,4100123.0,5,134,0,RM21,0
CUST0607,2019-04-08,Kolkata,HNI,Conservative,13994761.0,3,82,1,RM02,0
CUST0608,2015-06-28,Delhi,HNI,Moderate,16961435.0,4,128,1,RM11,0
CUST0609,2018-03-14,Bengaluru,Mass,Aggressive,1243102.0,2,95,1,RM05,0
CUST0610,2024-06-10,Ahmedabad,Affluent,Moderate,2723030.0,4,19,0,RM18,1
CUST0611,2019-01-08,Kolkata,Mass,Aggressive,1075967.0,2,85,0,RM11,1
CUST0612,2019-03-09,Ahmedabad,Mass,Moderate,,5,83,1,RM14,0
CUST0613,2019-06-07,Ahmedabad,Mass,Moderate,521584.0,2,80,0,RM25,1
CUST0614,2016-06-22,Pune,Mass,Moderate,861466.0,6,116,0,RM24,0
CUST0615,2014-04-04,Ahmedabad,Mass,Conservative,573526.0,6,143,1,RM11,0
CUST0616,2023-02-16,Pune,Affluent,Conservative,3016124.0,2,35,1,RM10,0
CUST0617,2025-10-03,Ahmedabad,Mass,Moderate,543991.0,4,3,1,RM08,0
CUST0618,2018-05-13,Chennai,HNI,Conservative,7520866.0,5,93,1,RM18,0
CUST0619,2024-09-08,Ahmedabad,Mass,Conservative,822408.0,6,16,0,RM25,0
CUST0620,2020-11-28,Mumbai,Mass,Aggressive,121094.0,3,62,0,RM15,0
CUST0621,2014-11-30,Ahmedabad,Mass,Conservative,1086803.0,4,135,1,RM15,0
CUST0622,2018-02-12,Ahmedabad,Mass,Conservative,935405.0,1,96,0,RM25,0
CUST0623,2014-10-31,Kolkata,Mass,Moderate,1609010.0,2,136,1,RM05,0
CUST0624,2025-08-04,Ahmedabad,Mass,Conservative,2214379.0,2,5,0,RM02,1
CUST0625,2017-08-16,Chennai,Affluent,Moderate,8244150.0,2,102,1,RM03,0
CUST0626,2022-03-23,Bengaluru,Mass,Conservative,472252.0,3,46,1,RM15,1
CUST0627,2025-02-05,Delhi,Affluent,Moderate,16277310.0,5,11,0,RM23,0
CUST0628,2022-04-22,Delhi,Mass,Moderate,345821.0,6,45,0,RM06,0
CUST0629,2014-11-30,Kolkata,Mass,Moderate,234182.0,4,135,1,RM19,0
CUST0630,2020-12-28,Mumbai,Mass,Conservative,1847226.0,3,61,0,RM23,0
CUST0631,2015-01-29,Delhi,Mass,Moderate,928381.0,5,133,0,RM23,0
CUST0632,2024-08-09,Chennai,Affluent,Conservative,1756161.0,4,17,0,RM20,0
CUST0633,2018-03-14,Bengaluru,Mass,Moderate,316441.0,3,95,0,RM10,0
CUST0634,2020-10-29,Ahmedabad,Affluent,Conservative,6672780.0,1,63,0,RM17,1
CUST0635,2022-05-22,Mumbai,HNI,Conservative,12383304.0,4,44,0,RM14,0
CUST0636,2019-08-06,Mumbai,Mass,Conservative,447288.0,1,78,0,RM13,0
CUST0637,2018-09-10,Bengaluru,HNI,Conservative,58930699.0,4,89,1,RM18,0
CUST0638,2025-09-03,Hyderabad,Affluent,Conservative,16060078.0,6,4,0,RM18,0
CUST0639,2018-03-14,Bengaluru,Affluent,Conservative,5341728.0,5,95,1,RM21,1
CUST0640,2022-05-22,Kolkata,HNI,Aggressive,18394623.0,6,44,1,RM14,0
CUST0641,2016-06-22,Mumbai,Mass,Moderate,1095466.0,3,116,1,RM17,1
CUST0642,2023-11-13,Chennai,Affluent,Moderate,3618090.0,3,26,1,RM08,1
CUST0643,2022-07-21,Pune,Mass,Conservative,195546.0,4,42,0,RM12,0
CUST0644,2014-07-03,Hyderabad,Affluent,,1078950.0,2,140,0,RM21,0
CUST0645,2023-01-17,Hyderabad,Mass,Aggressive,640408.0,6,36,1,RM20,0
CUST0646,2024-06-10,Chennai,Mass,Conservative,1083139.0,1,19,0,RM13,0
CUST0647,2019-06-07,Mumbai,Ultra-HNI,Aggressive,66928828.0,6,80,0,RM15,1
CUST0648,2018-07-12,Mumbai,Mass,Moderate,1041132.0,6,91,1,RM07,0
CUST0649,2019-04-08,Mumbai,Mass,Moderate,1099921.0,6,82,1,RM10,0
CUST0650,2021-03-28,Hyderabad,Mass,Moderate,1429253.0,1,58,1,RM17,0
CUST0651,2024-09-08,Ahmedabad,Affluent,Moderate,5459053.0,6,16,1,RM03,1
CUST0652,2022-07-21,Mumbai,Mass,Aggressive,776127.0,2,42,1,RM01,1
CUST0653,2025-04-06,Mumbai,Mass,Moderate,653502.0,2,9,0,RM15,1
CUST0654,2015-11-25,Pune,HNI,,17334665.0,5,123,0,RM19,0
CUST0655,2022-11-18,Hyderabad,Mass,Moderate,280892.0,3,38,1,RM25,0
CUST0656,2018-02-12,Bengaluru,Mass,Conservative,1270513.0,6,96,0,RM12,0
CUST0657,2022-11-18,Mumbai,Affluent,Moderate,3989882.0,3,38,0,RM04,1
CUST0658,2018-08-11,Kolkata,Mass,Moderate,523223.0,1,90,1,RM16,0
CUST0659,2024-11-07,Pune,Mass,Conservative,495068.0,2,14,1,RM08,0
CUST0660,2024-11-07,Hyderabad,Affluent,Aggressive,2357535.0,5,14,0,RM04,0
CUST0661,2022-03-23,Delhi,Affluent,Aggressive,4701027.0,4,46,1,RM16,0
CUST0662,2022-11-18,Ahmedabad,Mass,Conservative,885913.0,2,38,1,RM18,1
CUST0663,2022-02-21,Mumbai,Affluent,Conservative,3343177.0,2,47,1,RM02,0
CUST0664,2022-09-19,Pune,Affluent,Moderate,8719051.0,5,40,0,RM19,0
CUST0665,2017-10-15,Pune,Affluent,Conservative,4023707.0,2,100,1,RM15,0
CUST0666,2020-10-29,Pune,Affluent,Conservative,2120963.0,1,63,1,RM19,1
CUST0667,2024-02-11,Hyderabad,Affluent,Aggressive,10489386.0,4,23,1,RM16,0
CUST0668,2015-01-29,Bengaluru,Mass,Conservative,743776.0,6,133,1,RM12,0
CUST0669,2018-06-12,Chennai,Mass,Conservative,1072117.0,2,92,0,RM09,0
CUST0670,2021-02-26,Chennai,Mass,Moderate,1086110.0,5,59,0,RM17,0
CUST0671,2019-12-04,Kolkata,Mass,Conservative,396321.0,3,74,1,RM05,0
CUST0672,2022-01-22,Pune,HNI,Aggressive,14995906.0,6,48,0,RM14,0
CUST0673,2021-04-27,Chennai,Mass,Aggressive,1177846.0,4,57,1,RM19,0
CUST0674,2025-02-05,Pune,Mass,Moderate,1829787.0,4,11,1,RM06,0
CUST0675,2016-02-23,Ahmedabad,Mass,Conservative,690484.0,2,120,0,RM03,0
CUST0676,2021-05-27,Pune,Affluent,Aggressive,3489908.0,6,56,1,RM01,0
CUST0677,2017-09-15,Bengaluru,HNI,Moderate,50406226.0,1,101,1,RM14,0
CUST0678,2025-05-06,Mumbai,Mass,Moderate,472454.0,4,8,1,RM11,0
CUST0679,2024-11-07,Ahmedabad,HNI,Moderate,23945097.0,2,14,1,RM17,0
CUST0680,2021-08-25,Mumbai,Mass,Moderate,527055.0,4,53,1,RM21,0
CUST0681,2025-07-05,Hyderabad,HNI,Conservative,23169108.0,6,6,0,RM25,0
CUST0682,2014-07-03,Mumbai,HNI,Moderate,11879701.0,1,140,1,RM09,0
CUST0683,2025-07-05,Ahmedabad,Mass,Moderate,542681.0,1,6,0,RM03,0
CUST0684,2019-05-08,Mumbai,HNI,Moderate,14151439.0,5,81,1,RM19,0
CUST0685,2021-10-24,Pune,Mass,Moderate,959888.0,5,51,1,RM01,0
CUST0686,2023-06-16,Kolkata,Mass,Moderate,729495.0,3,31,1,RM16,1
CUST0687,2024-04-11,Pune,Mass,Moderate,1082140.0,2,21,0,RM07,0
CUST0688,2022-05-22,Hyderabad,Mass,Moderate,423442.0,4,44,0,RM09,0
CUST0689,2025-05-06,Hyderabad,Ultra-HNI,Conservative,59156222.0,2,8,1,RM04,0
CUST0690,2019-03-09,Hyderabad,Affluent,Moderate,6948996.0,4,83,0,RM01,0
CUST0691,2023-03-18,Kolkata,Affluent,Aggressive,7901992.0,3,34,1,RM05,0
CUST0692,2025-10-03,Mumbai,HNI,Conservative,9021842.0,5,3,1,RM11,0
CUST0693,2024-08-09,Ahmedabad,Mass,Aggressive,794230.0,4,17,0,RM08,0
CUST0694,2015-04-29,Kolkata,Mass,Aggressive,426366.0,4,130,0,RM10,0
CUST0695,2023-02-16,Ahmedabad,HNI,Moderate,32948487.0,1,35,0,RM03,1
CUST0696,2019-02-07,Mumbai,Mass,Conservative,1855413.0,4,84,1,RM04,0
CUST0697,2021-02-26,Delhi,Affluent,Moderate,1171488.0,5,59,0,RM19,0
CUST0698,2020-03-03,Delhi,Mass,Moderate,464896.0,4,71,0,RM21,0
CUST0699,2015-11-25,Chennai,Mass,Conservative,770977.0,4,123,1,RM19,1
CUST0700,2017-06-17,Kolkata,Mass,Conservative,665455.0,4,104,1,RM24,0
CUST0701,2019-06-07,Kolkata,Mass,Moderate,1118108.0,2,80,1,RM19,0
CUST0702,2023-08-15,Pune,Mass,Moderate,696502.0,3,29,1,RM04,1
CUST0703,2015-11-25,Chennai,Mass,Moderate,498313.0,1,123,1,RM19,1
CUST0704,2025-09-03,Mumbai,Mass,Moderate,380468.0,5,4,1,RM06,1
CUST0705,2019-05-08,Pune,Affluent,Moderate,2562891.0,1,81,1,RM20,0
CUST0706,2018-09-10,Mumbai,Mass,Moderate,443223.0,5,89,1,RM16,0
CUST0707,2014-10-01,Delhi,Mass,Moderate,488716.0,4,137,1,RM22,0
CUST0708,2024-01-12,Chennai,Mass,Conservative,823570.0,4,24,1,RM24,1
CUST0709,2022-07-21,Kolkata,Mass,Moderate,611788.0,4,42,1,RM18,0
CUST0710,2025-11-02,Hyderabad,Mass,Conservative,466190.0,1,2,1,RM24,0
CUST0711,2023-01-17,Mumbai,Mass,Moderate,382780.0,4,36,0,RM14,0
CUST0712,2014-12-30,Delhi,Mass,Moderate,453112.0,3,134,1,RM24,0
CUST0713,2025-11-02,Kolkata,Ultra-HNI,Moderate,48648052.0,5,2,0,RM03,1
CUST0714,2016-08-21,Hyderabad,Mass,Moderate,441914.0,6,114,0,RM12,0
CUST0715,2014-11-30,Pune,Mass,Conservative,965646.0,6,135,0,RM20,0
CUST0716,2024-08-09,Bengaluru,Affluent,Conservative,10456818.0,6,17,0,RM25,0
CUST0717,2021-09-24,Kolkata,Mass,Conservative,349237.0,5,52,1,RM22,0
CUST0718,2015-04-29,Hyderabad,Mass,Moderate,1234196.0,2,130,0,RM10,0
CUST0719,2017-06-17,Mumbai,Mass,Moderate,976393.0,2,104,1,RM16,1
CUST0720,2025-03-07,Pune,Affluent,Conservative,5439883.0,6,10,1,RM03,0
CUST0721,2015-09-26,Bengaluru,HNI,Moderate,46270062.0,6,125,0,RM03,0
CUST0722,2016-06-22,Kolkata,Mass,,607248.0,2,116,0,RM18,1
CUST0723,2022-04-22,Pune,HNI,Moderate,24925047.0,4,45,0,RM08,1
CUST0724,2021-01-27,Delhi,Affluent,Moderate,5274468.0,6,60,1,RM14,0
CUST0725,2022-05-22,Mumbai,Affluent,Conservative,5063071.0,6,44,0,RM06,0
CUST0726,2019-11-04,Mumbai,Mass,Conservative,858369.0,6,75,0,RM20,1
CUST0727,2016-09-20,Delhi,HNI,Moderate,20498707.0,3,113,0,RM03,0
CUST0728,2018-01-13,Mumbai,Mass,Moderate,861737.0,4,97,0,RM16,0
CUST0729,2014-07-03,Pune,Mass,Moderate,461362.0,4,140,1,RM17,0
CUST0730,2024-10-08,Delhi,Affluent,Moderate,3468114.0,6,15,1,RM21,0
CUST0731,2014-12-30,Chennai,HNI,Conservative,13789845.0,6,134,0,RM07,0
CUST0732,2015-03-30,Bengaluru,Mass,Aggressive,545633.0,4,131,1,RM09,0
CUST0733,2021-05-27,Pune,Mass,Moderate,1164319.0,6,56,1,RM14,0
CUST0734,2024-04-11,Mumbai,HNI,Moderate,15496546.0,3,21,1,RM08,1
CUST0735,2023-04-17,Chennai,Affluent,Moderate,7054624.0,4,33,1,RM19,0
CUST0736,2014-10-31,Kolkata,Affluent,Moderate,5702047.0,5,136,1,RM19,0
CUST0737,2025-11-02,Delhi,Mass,Moderate,523116.0,6,2,1,RM19,1
CUST0738,2024-11-07,Kolkata,Mass,,1370095.0,1,14,0,RM13,1
CUST0739,2025-02-05,Delhi,HNI,Moderate,29954841.0,1,11,0,RM16,0
CUST0740,2023-12-13,Pune,Mass,Conservative,667517.0,2,25,1,RM05,0
CUST0741,2016-08-21,Bengaluru,Affluent,Moderate,4712429.0,1,114,0,RM05,0
CUST0742,2025-04-06,Bengaluru,Affluent,Aggressive,5188162.0,2,9,1,RM10,1
CUST0743,2014-08-02,Hyderabad,HNI,Conservative,8615683.0,6,139,1,RM06,0
CUST0744,2021-03-28,Pune,Affluent,Moderate,3130213.0,4,58,1,RM21,0
CUST0745,2019-09-05,Hyderabad,Mass,Moderate,860031.0,1,77,0,RM07,0
CUST0746,2018-12-09,Hyderabad,Affluent,Moderate,2063123.0,5,86,1,RM24,0
CUST0747,2016-05-23,Bengaluru,Ultra-HNI,Conservative,43975661.0,6,117,0,RM11,0
CUST0748,2018-07-12,Pune,HNI,Moderate,16101790.0,6,91,0,RM20,0
CUST0749,2025-04-06,Mumbai,Mass,Moderate,3293135.0,6,9,0,RM02,1
CUST0750,2016-02-23,Mumbai,Mass,Aggressive,965978.0,6,120,0,RM18,0
CUST0751,2024-12-07,Delhi,Affluent,Moderate,9010295.0,5,13,1,RM12,0
CUST0752,2019-09-05,Kolkata,Affluent,Moderate,3164512.0,6,77,1,RM21,0
CUST0753,2015-09-26,Hyderabad,Mass,Conservative,813801.0,5,125,1,RM05,0
CUST0754,2019-12-04,Bengaluru,Mass,Conservative,253278.0,5,74,1,RM06,0
CUST0755,2020-12-28,Pune,Mass,Moderate,555988.0,2,61,1,RM22,0
CUST0756,2022-02-21,Bengaluru,Mass,Moderate,880541.0,6,47,1,RM15,0
CUST0757,2016-08-21,Pune,Mass,,305796.0,1,114,1,RM15,0
CUST0758,2018-04-13,Chennai,HNI,Moderate,24805245.0,2,94,0,RM15,0
CUST0759,2016-05-23,Hyderabad,Affluent,Conservative,6402376.0,5,117,1,RM09,0
CUST0760,2015-03-30,Delhi,Mass,Conservative,478764.0,5,131,0,RM24,0
CUST0761,2018-12-09,Mumbai,Affluent,Moderate,3113312.0,6,86,1,RM14,0
CUST0762,2021-09-24,Ahmedabad,Mass,Conservative,449980.0,1,52,1,RM01,0
CUST0763,2018-12-09,Pune,Affluent,Conservative,4071485.0,5,86,1,RM08,0
CUST0764,2021-09-24,Pune,HNI,,16786989.0,1,52,0,RM25,0
CUST0765,2023-07-16,Hyderabad,Mass,Moderate,882598.0,4,30,1,RM13,1
CUST0766,2021-11-23,Ahmedabad,Ultra-HNI,Conservative,49447348.0,2,50,1,RM19,0
CUST0767,2020-05-02,Mumbai,Mass,Aggressive,1609622.0,4,69,1,RM01,1
CUST0768,2023-04-17,Ahmedabad,Affluent,Aggressive,11846242.0,1,33,1,RM01,1
CUST0769,2022-03-23,Chennai,HNI,Conservative,22753990.0,1,46,0,RM06,0
CUST0770,2019-04-08,Hyderabad,Affluent,Moderate,4076672.0,6,82,0,RM13,1
CUST0771,2024-05-11,Ahmedabad,Mass,Moderate,497343.0,4,20,0,RM16,0
CUST0772,2024-09-08,Kolkata,Mass,Aggressive,793777.0,3,16,1,RM02,0
CUST0773,2016-10-20,Bengaluru,Mass,Moderate,873954.0,3,112,1,RM23,0
CUST0774,2016-01-24,Ahmedabad,Mass,Conservative,597069.0,6,121,0,RM16,0
CUST0775,2022-03-23,Mumbai,Mass,Conservative,537196.0,5,46,1,RM09,0
CUST0776,2024-05-11,Delhi,Mass,Aggressive,809643.0,3,20,1,RM12,0
CUST0777,2020-07-01,Delhi,Affluent,Aggressive,5118199.0,1,67,0,RM13,1
CUST0778,2023-11-13,Bengaluru,Mass,Moderate,486831.0,5,26,1,RM20,1
CUST0779,2015-07-28,Pune,Mass,Moderate,709639.0,2,127,1,RM03,0
CUST0780,2025-03-07,Chennai,Affluent,Moderate,3532238.0,2,10,1,RM15,0
CUST0781,2020-01-03,Kolkata,Mass,Moderate,441056.0,4,73,0,RM14,0
CUST0782,2021-06-26,Hyderabad,Affluent,Moderate,4914020.0,6,55,1,RM20,0
CUST0783,2020-06-01,Hyderabad,Affluent,Conservative,3592189.0,2,68,0,RM10,1
CUST0784,2016-12-19,Kolkata,Affluent,Conservative,3292610.0,1,110,0,RM10,0
CUST0785,2022-11-18,Chennai,Mass,Moderate,1185272.0,3,38,0,RM21,1
CUST0786,2015-02-28,Bengaluru,Affluent,Moderate,3971393.0,5,132,0,RM22,0
CUST0787,2014-06-03,Mumbai,Affluent,Aggressive,13581095.0,4,141,1,RM21,0
CUST0788,2020-10-29,Kolkata,Mass,Aggressive,941276.0,6,63,1,RM22,0
CUST0789,2021-05-27,Delhi,Affluent,Conservative,3137552.0,2,56,0,RM03,0
CUST0790,2023-03-18,Pune,HNI,Aggressive,37814688.0,5,34,1,RM17,0
CUST0791,2016-04-23,Kolkata,Mass,Moderate,449639.0,5,118,1,RM18,1
CUST0792,2017-05-18,Bengaluru,Mass,Moderate,1974215.0,5,105,0,RM07,0
CUST0793,2020-08-30,Delhi,Affluent,Conservative,5580264.0,6,65,0,RM12,0
CUST0794,2017-10-15,Pune,Affluent,Moderate,6640863.0,2,100,1,RM25,0
CUST0795,2021-08-25,Bengaluru,Affluent,Aggressive,5012094.0,2,53,1,RM04,0
CUST0796,2017-11-14,Kolkata,Mass,Moderate,771873.0,3,99,0,RM21,0
CUST0797,2016-03-24,Chennai,Mass,Moderate,587911.0,3,119,1,RM08,0
CUST0798,2020-09-29,Bengaluru,Affluent,Conservative,2961320.0,1,64,1,RM22,0
CUST0799,2018-02-12,Pune,Affluent,Conservative,5939655.0,2,96,1,RM14,0
CUST0800,2019-04-08,Chennai,Mass,Moderate,1171716.0,3,82,0,RM01,1
CUST0801,2025-02-05,Kolkata,HNI,Moderate,10380993.0,5,11,1,RM03,0
CUST0802,2025-04-06,Pune,Affluent,Aggressive,11497049.0,1,9,0,RM21,0
CUST0803,2022-11-18,Ahmedabad,Affluent,Moderate,6858270.0,5,38,0,RM20,0
CUST0804,2022-12-18,Chennai,HNI,Conservative,15713659.0,5,37,1,RM06,0
CUST0805,2023-09-14,Mumbai,Mass,Conservative,519287.0,1,28,1,RM17,0
CUST0806,2014-12-30,Delhi,Mass,Conservative,1859150.0,6,134,0,RM13,0
CUST0807,2018-10-10,Mumbai,Mass,Conservative,1117538.0,5,88,0,RM02,0
CUST0808,2025-06-05,Kolkata,Mass,Conservative,1248394.0,5,7,0,RM18,0
CUST0809,2015-03-30,Delhi,Mass,Moderate,580855.0,5,131,1,RM04,1
CUST0810,2022-05-22,Delhi,Affluent,Moderate,6688326.0,5,44,0,RM11,0
CUST0811,2014-04-04,Hyderabad,Affluent,Aggressive,5971440.0,3,143,1,RM01,0
CUST0812,2023-04-17,Delhi,Mass,Aggressive,605786.0,4,33,1,RM07,1
CUST0813,2024-12-07,Ahmedabad,Mass,Conservative,708165.0,4,13,0,RM24,1
CUST0814,2024-06-10,Kolkata,Affluent,Moderate,9073499.0,2,19,1,RM13,1
CUST0815,2021-05-27,Chennai,Affluent,Conservative,11877017.0,1,56,1,RM19,0
CUST0816,2014-12-30,Pune,HNI,Conservative,17400634.0,5,134,1,RM08,0
CUST0817,2019-06-07,Chennai,Mass,Conservative,323890.0,2,80,1,RM02,0
CUST0818,2024-06-10,Chennai,Mass,,1646754.0,2,19,0,RM16,0
CUST0819,2022-03-23,Chennai,HNI,Moderate,49685675.0,1,46,0,RM07,1
CUST0820,2020-03-03,Chennai,Mass,Moderate,831140.0,3,71,0,RM03,0
CUST0821,2019-07-07,Chennai,Affluent,Moderate,13207394.0,4,79,0,RM13,0
CUST0822,2016-01-24,Delhi,Mass,Moderate,798531.0,6,121,1,RM11,0
CUST0823,2025-06-05,Pune,Mass,Moderate,404480.0,3,7,0,RM03,0
CUST0824,2025-12-02,Mumbai,Affluent,Moderate,2394461.0,3,1,0,RM15,0
CUST0825,2017-06-17,Ahmedabad,Affluent,Aggressive,2381907.0,5,104,1,RM12,0
CUST0826,2024-09-08,Ahmedabad,Mass,Moderate,668537.0,2,16,0,RM25,0
CUST0827,2017-11-14,Delhi,HNI,Moderate,15462144.0,1,99,1,RM03,0
CUST0828,2021-11-23,Mumbai,HNI,Moderate,14533542.0,1,50,0,RM13,0
CUST0829,2021-05-27,Chennai,Affluent,Moderate,4646114.0,6,56,1,RM20,0
CUST0830,2024-03-12,Mumbai,HNI,Conservative,32031316.0,5,22,0,RM11,0
CUST0831,2016-10-20,Chennai,HNI,Aggressive,14790355.0,2,112,1,RM06,0
CUST0832,2023-10-14,Kolkata,Affluent,Aggressive,3324647.0,2,27,1,RM25,0
CUST0833,2025-11-02,Bengaluru,Affluent,Aggressive,3782079.0,6,2,0,RM09,0
CUST0834,2018-12-09,Ahmedabad,Affluent,Conservative,8177110.0,4,86,0,RM24,0
CUST0835,2024-03-12,Mumbai,Ultra-HNI,Conservative,63836171.0,3,22,1,RM22,0
CUST0836,2023-12-13,Pune,Affluent,Conservative,5747581.0,3,25,1,RM17,0
CUST0837,2023-05-17,Hyderabad,Mass,Aggressive,1566733.0,3,32,1,RM20,0
CUST0838,2018-06-12,Delhi,Mass,Moderate,3185566.0,5,92,1,RM14,0
CUST0839,2017-01-18,Chennai,Affluent,Moderate,7007934.0,2,109,1,RM17,0
CUST0840,2015-02-28,Bengaluru,Ultra-HNI,Aggressive,89351317.0,6,132,1,RM07,0
CUST0841,2014-05-04,Hyderabad,Mass,Conservative,347615.0,2,142,1,RM02,1
CUST0842,2023-03-18,Ahmedabad,Ultra-HNI,Moderate,81248582.0,2,34,0,RM16,0
CUST0843,2023-05-17,Hyderabad,Mass,Moderate,689994.0,3,32,1,RM21,0
CUST0844,2023-06-16,Pune,Mass,Conservative,1089334.0,5,31,1,RM21,0
CUST0845,2023-10-14,Hyderabad,HNI,Moderate,16107968.0,1,27,1,RM20,1
CUST0846,2025-11-02,Kolkata,HNI,Moderate,22314221.0,1,2,1,RM25,0
CUST0847,2019-01-08,Hyderabad,Affluent,Moderate,6873735.0,3,85,1,RM15,0
CUST0848,2025-10-03,Chennai,HNI,Aggressive,56771148.0,1,3,0,RM05,0
CUST0849,2025-07-05,Mumbai,HNI,Conservative,47224097.0,3,6,1,RM06,1
CUST0850,2021-03-28,Kolkata,HNI,Moderate,40091711.0,3,58,0,RM07,0
CUST0851,2016-05-23,Ahmedabad,HNI,Aggressive,29807064.0,4,117,0,RM25,0
CUST0852,2020-03-03,Ahmedabad,Mass,Conservative,526029.0,2,71,0,RM23,0
CUST0853,2021-03-28,Pune,Mass,Moderate,994442.0,4,58,1,RM19,0
CUST0854,2023-10-14,Bengaluru,Mass,Aggressive,436085.0,6,27,1,RM22,0
CUST0855,2017-12-14,Pune,Mass,Conservative,595359.0,3,98,1,RM09,0
CUST0856,2022-02-21,Bengaluru,Mass,Conservative,1773460.0,5,47,0,RM18,0
CUST0857,2014-03-05,Ahmedabad,Mass,Conservative,896479.0,2,144,0,RM05,0
CUST0858,2024-04-11,Mumbai,Mass,Conservative,755547.0,6,21,1,RM03,0
CUST0859,2016-08-21,Ahmedabad,Affluent,Moderate,5992273.0,4,114,0,RM17,1
CUST0860,2017-11-14,Pune,Mass,Conservative,633322.0,1,99,1,RM18,1
CUST0861,2021-08-25,Ahmedabad,Mass,Moderate,203748.0,6,53,0,RM15,0
CUST0862,2021-04-27,Delhi,Mass,Moderate,332677.0,5,57,0,RM12,0
CUST0863,2014-08-02,Hyderabad,Mass,Conservative,936422.0,3,139,1,RM16,0
CUST0864,2017-04-18,Bengaluru,Affluent,Moderate,2969905.0,4,106,1,RM10,1
CUST0865,2025-06-05,Pune,HNI,Conservative,18833885.0,6,7,0,RM08,0
CUST0866,2019-06-07,Pune,Affluent,Moderate,2508628.0,1,80,0,RM07,0
CUST0867,2017-03-19,Pune,Affluent,Conservative,3318702.0,1,107,0,RM10,0
CUST0868,2021-06-26,Pune,Ultra-HNI,Conservative,66187126.0,5,55,0,RM08,0
CUST0869,2017-10-15,Mumbai,Affluent,Aggressive,8190322.0,2,100,1,RM04,0
CUST0870,2018-07-12,Chennai,Mass,Moderate,1237644.0,6,91,1,RM14,0
CUST0871,2022-01-22,Bengaluru,Mass,Moderate,445205.0,5,48,0,RM11,0
CUST0872,2025-11-02,Ahmedabad,Affluent,Moderate,5832913.0,6,2,0,RM05,0
CUST0873,2025-07-05,Hyderabad,Affluent,Moderate,2249806.0,5,6,0,RM23,0
CUST0874,2017-10-15,Delhi,HNI,Conservative,20611633.0,6,100,0,RM13,0
CUST0875,2016-10-20,Chennai,Mass,Moderate,1126544.0,4,112,1,RM04,0
CUST0876,2021-07-26,Hyderabad,Ultra-HNI,Aggressive,63940550.0,1,54,0,RM02,0
CUST0877,2020-05-02,Bengaluru,Mass,Aggressive,1375006.0,2,69,1,RM03,0
CUST0878,2019-12-04,Hyderabad,HNI,Moderate,31662576.0,6,74,1,RM11,1
CUST0879,2015-06-28,Kolkata,Affluent,Moderate,5626898.0,2,128,1,RM07,0
CUST0880,2019-10-05,Hyderabad,Mass,Moderate,,6,76,1,RM25,0
CUST0881,2019-03-09,Hyderabad,Mass,Moderate,497057.0,6,83,0,RM12,0
CUST0882,2019-05-08,Pune,Mass,Conservative,299078.0,5,81,1,RM19,0
CUST0883,2024-06-10,Bengaluru,Mass,Moderate,327094.0,1,19,1,RM07,1
CUST0884,2017-08-16,Pune,HNI,Conservative,34537437.0,2,102,1,RM02,1
CUST0885,2015-03-30,Mumbai,Mass,Moderate,1533204.0,5,131,0,RM09,0
CUST0886,2024-09-08,Kolkata,Mass,Moderate,367975.0,3,16,0,RM18,1
CUST0887,2025-02-05,Chennai,Mass,Conservative,692347.0,3,11,0,RM20,0
CUST0888,2020-03-03,Kolkata,Affluent,Moderate,2072736.0,1,71,0,RM05,0
CUST0889,2016-11-19,Bengaluru,Mass,Conservative,389691.0,3,111,1,RM08,0
CUST0890,2025-01-06,Ahmedabad,Mass,Conservative,769308.0,1,12,1,RM12,1
CUST0891,2017-02-17,Hyderabad,HNI,Moderate,15022460.0,1,108,1,RM09,0
CUST0892,2023-03-18,Ahmedabad,Mass,Moderate,232451.0,6,34,1,RM08,0
CUST0893,2023-10-14,Bengaluru,HNI,Aggressive,51429166.0,5,27,1,RM25,0
CUST0894,2023-09-14,Hyderabad,Mass,Moderate,649079.0,6,28,1,RM24,0
CUST0895,2019-10-05,Pune,Affluent,Aggressive,2684265.0,6,76,1,RM09,0
CUST0896,2018-11-09,Pune,Affluent,Conservative,5286988.0,6,87,1,RM02,0
CUST0897,2020-07-01,Bengaluru,Mass,Moderate,637853.0,3,67,0,RM09,0
CUST0898,2018-10-10,Chennai,Affluent,Moderate,6214181.0,2,88,1,RM23,0
CUST0899,2016-06-22,Delhi,Mass,Moderate,553170.0,5,116,0,RM23,0
CUST0900,2016-02-23,Pune,Mass,Moderate,792686.0,4,120,1,RM18,0
CUST0901,2017-04-18,Chennai,HNI,Conservative,33576607.0,3,106,1,RM17,1
CUST0902,2019-10-05,Mumbai,HNI,Moderate,9677741.0,3,76,1,RM10,0
CUST0903,2023-05-17,Bengaluru,Mass,Moderate,455454.0,2,32,1,RM12,0
CUST0904,2017-02-17,Bengaluru,Affluent,Conservative,7817962.0,3,108,0,RM22,0
CUST0905,2018-01-13,Hyderabad,Mass,Moderate,492416.0,6,97,1,RM06,1
CUST0906,2015-05-29,Ahmedabad,Mass,Aggressive,637571.0,3,129,0,RM11,0
CUST0907,2017-07-17,Ahmedabad,Mass,,514847.0,4,103,1,RM22,0
CUST0908,2024-05-11,Pune,Affluent,Moderate,3936988.0,6,20,1,RM18,0
CUST0909,2019-03-09,Ahmedabad,Affluent,Aggressive,3757356.0,6,83,1,RM03,0
CUST0910,2017-06-17,Mumbai,Mass,Conservative,333721.0,5,104,1,RM20,0
CUST0911,2014-03-05,Kolkata,HNI,Conservative,25723067.0,1,144,0,RM02,1
CUST0912,2022-01-22,Hyderabad,Affluent,Moderate,8838318.0,6,48,0,RM08,0
CUST0913,2015-10-26,Bengaluru,Mass,Moderate,605174.0,1,124,0,RM23,1
CUST0914,2022-08-20,Bengaluru,Mass,Moderate,1124158.0,1,41,1,RM02,1
CUST0915,2021-06-26,Bengaluru,Affluent,Moderate,3761186.0,3,55,1,RM05,0
CUST0916,2014-08-02,Kolkata,Mass,Moderate,492760.0,3,139,1,RM22,1
CUST0917,2024-01-12,Chennai,Mass,Moderate,835866.0,1,24,1,RM17,1
CUST0918,2023-07-16,Mumbai,Mass,Conservative,843569.0,4,30,0,RM06,1
CUST0919,2016-01-24,Ahmedabad,Mass,Moderate,626763.0,6,121,0,RM09,0
CUST0920,2015-02-28,Hyderabad,Affluent,Conservative,7148863.0,4,132,1,RM24,0
CUST0921,2024-09-08,Chennai,Affluent,Aggressive,2427817.0,6,16,0,RM16,0
CUST0922,2016-03-24,Pune,Affluent,Conservative,4168871.0,6,119,1,RM08,0
CUST0923,2019-01-08,Bengaluru,HNI,Conservative,33970062.0,5,85,1,RM04,0
CUST0924,2015-07-28,Hyderabad,HNI,Moderate,33919811.0,2,127,0,RM11,0
CUST0925,2020-02-02,Mumbai,Mass,Conservative,1056164.0,4,72,1,RM08,0
CUST0926,2019-01-08,Bengaluru,Affluent,Moderate,8638564.0,1,85,1,RM11,0
CUST0927,2023-03-18,Bengaluru,Mass,Aggressive,543314.0,5,34,0,RM02,1
CUST0928,2019-01-08,Kolkata,HNI,Moderate,7822239.0,6,85,0,RM12,0
CUST0929,2020-12-28,Kolkata,Affluent,Conservative,4273774.0,1,61,1,RM07,0
CUST0930,2021-03-28,Kolkata,Mass,,946133.0,4,58,1,RM25,0
CUST0931,2022-08-20,Chennai,Affluent,Moderate,7648580.0,1,41,0,RM07,1
CUST0932,2021-03-28,Bengaluru,Mass,Moderate,499264.0,4,58,0,RM07,0
CUST0933,2023-12-13,Hyderabad,Ultra-HNI,Conservative,38955546.0,3,25,0,RM08,1
CUST0934,2015-11-25,Bengaluru,Mass,Conservative,413602.0,6,123,1,RM16,0
CUST0935,2021-02-26,Hyderabad,Mass,Aggressive,494510.0,2,59,0,RM19,0
CUST0936,2021-05-27,Pune,HNI,Conservative,7038556.0,5,56,1,RM08,0
CUST0937,2014-05-04,Ahmedabad,Mass,Moderate,499024.0,4,142,0,RM18,0
CUST0938,2020-03-03,Bengaluru,Mass,Conservative,684657.0,5,71,1,RM04,0
CUST0939,2017-08-16,Mumbai,Affluent,Moderate,4669227.0,6,102,0,RM05,0
CUST0940,2014-03-05,Bengaluru,Affluent,Moderate,4109005.0,2,144,0,RM08,1
CUST0941,2015-09-26,Kolkata,Mass,Conservative,456456.0,1,125,1,RM18,0
CUST0942,2021-09-24,Chennai,Mass,Moderate,486648.0,4,52,1,RM14,0
CUST0943,2019-09-05,Chennai,Mass,Conservative,491404.0,1,77,1,RM12,1
CUST0944,2016-03-24,Chennai,Mass,Aggressive,982990.0,3,119,1,RM16,0
CUST0945,2020-01-03,Bengaluru,Mass,Moderate,666523.0,4,73,1,RM05,1
CUST0946,2022-09-19,Kolkata,Mass,Conservative,3806051.0,4,40,1,RM07,0
CUST0947,2019-09-05,Pune,Affluent,Moderate,4104338.0,1,77,1,RM18,0
CUST0948,2025-09-03,Ahmedabad,Affluent,,6269271.0,4,4,1,RM25,0
CUST0949,2015-07-28,Mumbai,Mass,,562317.0,5,127,0,RM01,0
CUST0950,2018-12-09,Pune,Mass,Moderate,554852.0,1,86,1,RM10,0
CUST0951,2022-12-18,Mumbai,Mass,Moderate,1574809.0,3,37,1,RM23,0
CUST0952,2020-04-02,Mumbai,Mass,Conservative,1154285.0,3,70,0,RM21,0
CUST0953,2025-08-04,Kolkata,HNI,Moderate,7612186.0,3,5,0,RM07,1
CUST0954,2016-08-21,Bengaluru,Mass,Conservative,380009.0,3,114,0,RM01,0
CUST0955,2019-09-05,Bengaluru,HNI,Moderate,18539377.0,1,77,0,RM15,0
CUST0956,2025-12-02,Delhi,Affluent,Moderate,3707722.0,4,1,1,RM18,0
CUST0957,2020-07-01,Mumbai,Affluent,Conservative,2149531.0,1,67,0,RM07,0
CUST0958,2025-02-05,Pune,HNI,Aggressive,21296070.0,1,11,1,RM08,1
CUST0959,2021-05-27,Hyderabad,Affluent,Moderate,1753934.0,4,56,1,RM17,0
CUST0960,2015-10-26,Hyderabad,Affluent,Conservative,5283263.0,6,124,0,RM14,0
CUST0961,2018-03-14,Delhi,Mass,Moderate,996324.0,5,95,1,RM08,1
CUST0962,2020-04-02,Ahmedabad,Affluent,Moderate,7963229.0,3,70,1,RM21,0
CUST0963,2019-12-04,Mumbai,Mass,Conservative,615979.0,3,74,1,RM23,0
CUST0964,2020-01-03,Chennai,Mass,Moderate,1530782.0,3,73,0,RM19,0
CUST0965,2024-10-08,Hyderabad,HNI,Aggressive,23980096.0,1,15,1,RM24,0
CUST0966,2023-04-17,Mumbai,Affluent,Conservative,7846234.0,4,33,0,RM09,1
CUST0967,2016-04-23,Hyderabad,Mass,Aggressive,444807.0,1,118,0,RM03,0
CUST0968,2014-12-30,Hyderabad,HNI,Moderate,46142247.0,5,134,0,RM19,0
CUST0969,2024-04-11,Hyderabad,Mass,Conservative,665779.0,3,21,1,RM15,1
CUST0970,2015-02-28,Bengaluru,HNI,,47562941.0,3,132,0,RM11,0
CUST0971,2025-08-04,Ahmedabad,Affluent,Moderate,10400086.0,3,5,1,RM07,1
CUST0972,2019-11-04,Delhi,Mass,Moderate,768381.0,1,75,1,RM02,1
CUST0973,2016-02-23,Pune,Mass,Moderate,833566.0,2,120,1,RM05,0
CUST0974,2023-05-17,Bengaluru,HNI,Conservative,18099148.0,2,32,1,RM17,1
CUST0975,2014-10-01,Chennai,Mass,Conservative,424977.0,6,137,0,RM06,0
CUST0976,2014-05-04,Delhi,Ultra-HNI,Moderate,92036829.0,1,142,1,RM24,0
CUST0977,2020-11-28,Pune,Mass,Moderate,899472.0,1,62,0,RM12,0
CUST0978,2015-05-29,Delhi,Mass,Aggressive,273777.0,2,129,0,RM03,1
CUST0979,2025-01-06,Bengaluru,Affluent,Aggressive,4708179.0,3,12,0,RM17,0
CUST0980,2019-10-05,Chennai,Mass,,1074911.0,4,76,1,RM18,1
CUST0981,2022-06-21,Mumbai,Mass,Moderate,1493295.0,3,43,0,RM05,0
CUST0982,2018-07-12,Kolkata,Affluent,Conservative,7343047.0,4,91,1,RM21,0
CUST0983,2022-12-18,Bengaluru,Mass,Moderate,289481.0,4,37,0,RM19,0
CUST0984,2020-09-29,Ahmedabad,Mass,Conservative,373396.0,2,64,0,RM15,0
CUST0985,2017-04-18,Pune,HNI,Conservative,16519333.0,1,106,0,RM04,0
CUST0986,2023-07-16,Bengaluru,Mass,Conservative,1439328.0,5,30,1,RM13,0
CUST0987,2015-12-25,Pune,Affluent,Aggressive,3528729.0,6,122,1,RM25,0
CUST0988,2017-11-14,Chennai,Affluent,Moderate,8820334.0,1,99,0,RM06,1
CUST0989,2022-12-18,Chennai,Affluent,Conservative,3497704.0,6,37,1,RM24,1
CUST0990,2018-01-13,Kolkata,Mass,Aggressive,893838.0,6,97,1,RM05,0
CUST0991,2022-03-23,Pune,HNI,Moderate,11915191.0,5,46,0,RM16,0
CUST0992,2019-07-07,Ahmedabad,Mass,Moderate,599435.0,4,79,0,RM10,0
CUST0993,2018-10-10,Ahmedabad,HNI,Conservative,10723563.0,3,88,0,RM02,0
CUST0994,2016-04-23,Kolkata,Affluent,Conservative,10897513.0,4,118,1,RM17,0
CUST0995,2021-10-24,Chennai,Affluent,Conservative,3362420.0,1,51,0,RM12,0
CUST0996,2020-07-31,Chennai,Mass,Moderate,284762.0,2,66,1,RM08,0
CUST0997,2020-09-29,Ahmedabad,Mass,Moderate,272629.0,3,64,1,RM06,0
CUST0998,2015-10-26,Kolkata,Mass,Conservative,636253.0,4,124,0,RM13,0
CUST0999,2015-12-25,Bengaluru,Affluent,Conservative,3830105.0,2,122,1,RM03,0
CUST1000,2023-05-17,Pune,Mass,Moderate,952779.0,3,32,0,RM15,0
